1,"sound studio PACKS 北千住店","東京都足立区 千住３丁目 そのうビル",35.7506634,139.8027487,"2019-01-14 06:37:11.899159","2019-01-14 06:37:11.899159",,,1,unnamed.jpg,ChIJAQCc5UWOGGARZyl3Fr_72xY
2,"サウンドスタジオノア渋谷２号店","東京都 渋谷区宇田川町３６−番2号 ノア渋谷1101号室",35.662261,139.696832,"2019-01-14 06:37:13.069394","2019-01-14 06:37:13.069394",,,1,unnamed.jpg,ChIJbWRDUKmMGGARjQ94dXnRulk
3,"スタジオペンタ新宿店","東京都新宿区新宿４丁目２−６ ＳＴＵＤＩＯＰＥＮＴＡシンジュク",35.688999,139.702875,"2019-01-14 06:37:14.055265","2019-01-14 06:37:14.055265",,,1,lobby02.jpg,ChIJsaH9w9qMGGAR4B59y-84l0Q
4,"サウンドスタジオノア渋谷１号店","東京都渋谷区渋谷２丁目１４−１７",35.659777,139.705964,"2019-01-14 06:37:15.060922","2019-01-14 06:37:15.060922",,,1,unnamed.jpg,ChIJG7Id11iLGGARLdOdFydFND8
5,"サウンドスタジオノア新宿店","東京都新宿区西新宿７丁目１０−１２",35.694215,139.698511,"2019-01-14 06:37:16.105799","2019-01-14 06:37:16.105799",,,1,shinjuku_E3st.jpg,ChIJuRRLSNaMGGARmSruivQNzBA
6,"サウンドスタジオノア恵比寿店","東京都渋谷区恵比寿４丁目４−１２",35.6452623,139.7115636,"2019-01-14 06:37:17.083946","2019-01-14 06:37:17.083946",,,1,___1F-lobby_saka2.jpg,ChIJBWfZVxWLGGARCVinwrFk1HA
7,"ベースオントップ 池袋西口店｜BASS ON TOP","東京都豊島区西池袋３丁目３０−１３ 西池袋岸野ビル",35.7308836,139.7069681,"2019-01-14 06:37:18.151293","2019-01-14 06:37:18.151293",,,1,unnamed.jpg,ChIJT4-GtF-NGGARrvnZYWroVzg
8,"スタジオ音楽館 上野御徒町","東京都台東区上野１丁目１１−９ イマスサニービル",35.7063344,139.7714008,"2019-01-14 06:37:18.846192","2019-01-14 06:37:18.846192",,,1,,ChIJkYbDix-MGGARe0pTnkHLNnA
9,"ミュージックマン","東京都新宿区西新宿７丁目１０−１３ ガイアビル３",35.694365,139.698347,"2019-01-14 06:37:20.005048","2019-01-14 06:37:20.005048",,,1,testlob.jpg,ChIJyT7WSdaMGGARrvJFmVaPq-w
10,"スタジオ音楽館 新宿西口","東京都新宿区西新宿７丁目１５−４ ＹＳ第一ビル",35.6952557,139.6973423,"2019-01-14 06:37:21.178576","2019-01-14 06:37:21.178576",,,1,unnamed.jpg,ChIJQaYZ3imNGGARl4DBvwhEgQg
11,"bumblebee studio バンブルビースタジオ","東京都千代田区神田鍛冶町３丁目５−２ ＫＤＸ鍛冶町ビル",35.6939289,139.7702008,"2019-01-14 06:37:22.209468","2019-01-14 06:37:22.209468",,,1,CIMG9871.jpg,ChIJpZraSgKMGGARnn9A2N9Tuug
12,"音楽スタジオ ensemble(アンサンブル)","東京都台東区東上野４丁目１０−５ 下條ビル",35.7140178,139.7797193,"2019-01-14 06:37:23.226070","2019-01-14 06:37:23.226070",,,1,DSC_3313.jpg,ChIJIzIDZZmOGGARc0UgCNIE8ME
13,"スタジオ音楽館 大塚駅前","東京都豊島区北大塚２丁目２−２",35.7320814,139.7280872,"2019-01-14 06:37:24.207784","2019-01-14 06:37:24.207784",,,1,IMG_20180728_123751.jpg,ChIJQYq3wnaNGGARjxnVr-cL308
14,"MUSIC STUDIO EXIA","東京都港区東麻布１丁目８−４ パークハビオ麻布タワーB1F",35.6571013,139.7435027,"2019-01-14 06:37:25.199129","2019-01-14 06:37:25.199129",,,1,IMG_20171210_141335.jpg,ChIJkcp2Fr2LGGARGoBSz5t6hxE
15,"音楽レンタルスタジオマザーハウス練馬店","東京都練馬区練馬１丁目２５−５ エヌ・ワイコート練馬",35.738854,139.655657,"2019-01-14 06:37:26.316462","2019-01-14 06:37:26.316462",,,1,2018-10-07.jpg,ChIJScYStA7tGGARHbdykVJChTk
16,"スタジオペンタ五反田店","東京都品川区東五反田１丁目１２−４ ホテルマーブル",35.6270855,139.7251444,"2019-01-14 06:37:27.422039","2019-01-14 06:37:27.422039",,,1,unnamed.jpg,ChIJbRmGovuKGGARsy9zFDawRZg
17,"スタジオ 音楽館 高田馬場駅前店","東京都新宿区高田馬場１丁目３４−８ 大輝ビル",35.7122131,139.7041179,"2019-01-14 06:37:28.477931","2019-01-14 06:37:28.477931",,,1,unnamed.jpg,ChIJ1dpudzmNGGARNS9yUS6hZL8
18,"ゲートウェイスタジオ 渋谷道玄坂店","東京都渋谷区道玄坂２丁目１３−５ ハーベストビル",35.6583747,139.6956542,"2019-01-14 06:37:29.445299","2019-01-14 06:37:29.445299",,,1,DSC_6336.jpg,ChIJNwCXGqqMGGARYoJz-8k98Pc
19,"サウンドスタジオ・オトキチ","東京都江戸川区平井４丁目７−７ アモンビル",35.704759,139.845838,"2019-01-14 06:37:30.579088","2019-01-14 06:37:30.579088",,,1,2017-11-22.jpg,ChIJf1nsl6SIGGARjqdJfFVlz7Q
20,"スタジオファミリア 渋谷店","東京都渋谷区道玄坂２丁目１０−７",35.6581581,139.6971763,"2019-01-14 06:37:31.579719","2019-01-14 06:37:31.579719",,,1,IMG_3471.jpg,ChIJcTwvHFaLGGARIjh17SfQZPc
21,"サウンドスタジオノア銀座店","東京都中央区銀座 ３ 丁目 ９−２",35.6719336,139.7681033,"2019-01-14 06:37:33.497538","2019-01-14 06:37:33.497538",,,1,unnamed.jpg,ChIJZ5Y3y-aLGGARA1yozApyd0I
22,"シュールサウンドスタジオ","丁目２０−８ アルム幡ケ谷",35.6765416,139.6736576,"2019-01-14 06:37:34.546555","2019-01-14 06:37:34.546555",,,1,2017-09-02.jpg,ChIJiZJALyPzGGARZmQrtZcEg3w
23,"サウンドスタジオノア自由が丘店","東京都目黒区自由が丘３丁目７−１８ ノア２１",35.609119,139.665328,"2019-01-14 06:37:35.541948","2019-01-14 06:37:35.541948",,,1,unnamed.jpg,ChIJ9dHwA-L0GGARDUFkLJtGDVs
24,"リンキィディンクスタジオお茶の水","東京都千代田区神田神保町１丁目２−１２ アイピー第一ビル",35.6962183,139.7601488,"2019-01-14 06:37:36.687892","2019-01-14 06:37:36.687892",,,1,DSC_0051.jpg,ChIJdQUJ4BCMGGARz-176nsq--c
25,"ゲートウェイスタジオ池袋北口店","東京都豊島区西池袋１丁目４３−７ 福住ビル",35.733089,139.710988,"2019-01-14 06:37:37.682272","2019-01-14 06:37:37.682272",,,1,2017-11-27.jpg,ChIJwSmUBV6NGGARmYxQwlv8mT4
26,"リンキーディンクスタジオ 下北沢セカンド","東京都世田谷区北沢２丁目３７ 下北沢パラッツィーナ",35.6633562,139.6671819,"2019-01-14 06:37:38.727508","2019-01-14 06:37:38.727508",,,1,IMG_3462.jpg,ChIJyV_rFWvzGGARf6Q71AGghdw
27,"ミュージック・スタジオ・フォルテ池袋店","東京都豊島区南池袋１丁目２６−９ 第２Ｍ．Ｙ．Ｔ．ビル",35.729026,139.71348,"2019-01-14 06:37:39.719491","2019-01-14 06:37:39.719491",,,1,2017-04-19.jpg,ChIJPRwQeGiNGGARTTQLNTGpOD4
28,"ベースオントップ 中野サンプラザ店｜BASS ON TOP","東京都中野区中野４丁目１−１ 中野サンプラザホール",35.7075624,139.6646866,"2019-01-14 06:37:40.683201","2019-01-14 06:37:40.683201",,,1,__2.jpg,ChIJf8CD25DyGGARtFJA5vj5c1k
29,"御苑音楽スタジオ","東京都新宿区新宿１丁目１５−７ 御苑ハイツ",35.689966,139.710199,"2019-01-14 06:37:41.683906","2019-01-14 06:37:41.683906",,,1,2017-05-20.jpg,ChIJT1Kw6sKMGGARcvUxgOmx2_U
30,"スタジオ音楽館 デュオお茶の水","東京都千代田区外神田２丁目２ 丸和ビル",35.6997071,139.7671364,"2019-01-14 06:37:42.701433","2019-01-14 06:37:42.701433",,,1,unnamed.jpg,ChIJ-6m48BuMGGARbta8q1Hc8x8
31,"Rinky Dink Studio 神保町","東京都千代田区神田神保町１丁目２−１２ アイピー第一ビル",35.6962443,139.7601724,"2019-01-14 06:37:43.812814","2019-01-14 06:37:43.812814",,,1,2018-06-12.jpg,ChIJbWng3xCMGGARbxQWYAqZh6Q
32,"ゲートウェイスタジオ 高田馬場戸山口店","東京都新宿区高田馬場４丁目１−７ 市川ビルデンス",35.710138,139.702504,"2019-01-14 06:37:44.846195","2019-01-14 06:37:44.846195",,,1,2017-10-11.jpg,ChIJRfdlFjqNGGARXxBR_eMo4MA
33,"スタジオペンタ渋谷シティサイド","東京都渋谷区桜丘町２４−２",35.6568139,139.7007648,"2019-01-14 06:37:45.838420","2019-01-14 06:37:45.838420",,,1,unnamed.jpg,ChIJ0fxwZVeLGGARDDf38Vf7QqI
34,"ダボスタジオ","東京都板橋区大山東町４５−４ ＳＯＬ",35.749306,139.705352,"2019-01-14 06:37:47.164075","2019-01-14 06:37:47.164075",,,1,IMG_20190109_202743.jpg,ChIJdWjZXLmSGGARoCoqy-hsk84
35,"TMスタジオ","東京都港区東新橋２丁目５−１１",35.6625177,139.7573153,"2019-01-14 06:37:47.878984","2019-01-14 06:37:47.878984",,,1,,ChIJq99PqeyLGGARXDIbzkg2vY0
36,"ダンススタジオ ベースオントップ高田馬場店｜BASS ON TOP","東京都新宿区高田馬場１丁目３３−１４ サンフラワービル",35.7112166,139.7039302,"2019-01-14 06:37:48.905396","2019-01-14 06:37:48.905396",,,1,2016-07-03.jpg,ChIJX3BW0zuNGGARNAjquhhX6y0
37,"スタジオ音楽館 アキバ","東京都千代田区外神田１丁目３−１３",35.6984243,139.7697622,"2019-01-14 06:37:49.911789","2019-01-14 06:37:49.911789",,,1,unnamed.jpg,ChIJTRzv-hyMGGARDWmSO-_1MBA
38,"Studio DIVO 亀戸","東京都江東区亀戸１丁目３４−１１ Ｄ―Ｌａｂ",35.6954888,139.8243228,"2019-01-14 06:37:50.940675","2019-01-14 06:37:50.940675",,,1,2018-09-01.jpg,ChIJz20E66C7JhURCpWRnX_JyJQ
39,"スタジオベイド高輪店","東京都港区高輪３丁目１０−１ 藤ビル",35.631998,139.731143,"2019-01-14 06:37:52.003486","2019-01-14 06:37:52.003486",,,1,unnamed.jpg,ChIJtfFYaP-KGGARi51SF02Qvus
40,"サウンドスタジオノア初台店","東京都渋谷区代々木４丁目３６−１８",35.6811912,139.6891125,"2019-01-14 06:37:52.982475","2019-01-14 06:37:52.982475",,,1,14.8_hatsudai_E1st.jpg,ChIJk8Aj8jLzGGARky6r0edlqN8
41,"スタジオベイド自由が丘店","東京都世田谷区奥沢５丁目１ 奥沢駅前ビル",35.6038704,139.6714658,"2019-01-14 06:37:55.151308","2019-01-14 06:37:55.151308",,,1,DSC_0212.jpg,ChIJiZ_RjyL1GGARl7RDD6pa7Xo
42,"音楽レンタルスタジオマザーハウス池袋店","東京都豊島区東池袋１丁目３１−１５ トーカン池袋第２キャステール",35.731959,139.716405,"2019-01-14 06:37:56.166275","2019-01-14 06:37:56.166275",,,1,2017-07-19.jpg,ChIJd8ARd2aNGGAR2EjDtXgtFV4
43,"ゲートウェイスタジオ 高田馬場３号店","東京都新宿区高田馬場１丁目２８−６",35.711677,139.7047706,"2019-01-14 06:37:57.226338","2019-01-14 06:37:57.226338",,,1,DSC_7853.jpg,ChIJEcMh2DuNGGARpBxMl5zzqMg
44,"ミュージックスタジオ・フォルテ 芸劇店","東京都豊島区西池袋１丁目８−１ 東京芸術劇場",35.7296927,139.7076664,"2019-01-14 06:37:58.192780","2019-01-14 06:37:58.192780",,,1,IMG_3502.jpg,ChIJOZeEXFyNGGARQxJMNuMMgqM
45,"音楽練習場オトレン","東京都新宿区新宿２丁目１４ 第２早川屋ビル",35.6907021,139.7088048,"2019-01-14 06:37:59.176437","2019-01-14 06:37:59.176437",,,1,2017-09-03.jpg,ChIJDzPx09yMGGARxXmYCqHzuwo
46,"サイトウミュージックスタジオ","東京都渋谷区渋谷２丁目１９−１７ グローリア渋谷ビル",35.659678,139.70409,"2019-01-14 06:38:00.198174","2019-01-14 06:38:00.198174",,,1,unnamed.jpg,ChIJ0csp9FiLGGARUt0BJhb_eGA
47,"Rinky Dink Studio 下北沢","東京都世田谷区北沢２丁目３４−５ ミズ・クラウディア",35.663332,139.668381,"2019-01-14 06:38:01.241716","2019-01-14 06:38:01.241716",,,1,IMG_20180303_113049.jpg,ChIJW0zC_GrzGGARVPk4MHbqAFA
48,"池袋音楽スタジオ ビーボ サウンドスタジオ","東京都豊島区池袋２丁目４７−３ キウレイコンビル",35.7334,139.710977,"2019-01-14 06:38:02.304518","2019-01-14 06:38:02.304518",,,1,unnamed.jpg,ChIJ2UKJGl6NGGARpqHkACP2eGI
49,"サウンドスタジオノア下北沢店","東京都世田谷区北沢３丁目２０−１７",35.663469,139.669578,"2019-01-14 06:38:03.374353","2019-01-14 06:38:03.374353",,,1,unnamed.jpg,ChIJwTwEi2rzGGAR0eBg3Hl8Ec0
50,"スタジオリボレ","東京都千代田区神田佐久間河岸６９ 朝風染常ビル",35.6971845,139.7764325,"2019-01-14 06:38:04.361673","2019-01-14 06:38:04.361673",,,1,2018-09-22.jpg,ChIJo4yh46iOGGARQ7rTovQm7R4
51,"スタジオペンタ渋谷ムーンサイド","東京都渋谷区桜丘町２５−１８ ＮＴ渋谷ビル",35.656905,139.7005741,"2019-01-14 06:38:05.459688","2019-01-14 06:38:05.459688",,,1,unnamed.jpg,ChIJZUOY7lmLGGARY2nQASENcOU
52,"music studio MAYS-ミュージックスタジオメイズ","東京都世田谷区松原５丁目３−１６",35.6624916,139.6548852,"2019-01-14 06:38:07.759322","2019-01-14 06:38:07.759322",,,1,1494511741409.jpg,ChIJhfx8hQvzGGARrgZAU-GjqlI
53,"サウンドスタジオノア都立大店","東京都目黒区中根１丁目２−２ 都立大第２ノアビル",35.6182561,139.6764207,"2019-01-14 06:38:08.694075","2019-01-14 06:38:08.694075",,,1,unnamed.jpg,ChIJQ9vt-tv0GGARDhzcQyrMa4w
54,"サウンドスタジオノア駒沢店","東京都世田谷区上馬４丁目２−７ 上馬ノアビル",35.634521,139.662872,"2019-01-14 06:38:09.804086","2019-01-14 06:38:09.804086",,,1,unnamed.jpg,ChIJMVvXY5D0GGAR4Rrs4DrenT0
55,"サウンドスタジオノア野方店","東京都中野区野方３丁目３０−７",35.719275,139.653969,"2019-01-14 06:38:10.921550","2019-01-14 06:38:10.921550",,,1,unnamed.jpg,ChIJy1gENnntGGARsF33ftUo0Qk
56,"スタジオペンタ大塚店","東京都豊島区東池袋２丁目１１−３ ヴィラ・フランセⅩⅣ",35.7311065,139.7243624,"2019-01-14 06:38:11.976455","2019-01-14 06:38:11.976455",,,1,lobby-2.jpg,ChIJiS9yAHGNGGARw4rqJYTI9KQ
57,"サウンドスタジオノア赤坂店","東京都港区赤坂３丁目１３−１１ 佐藤ビル",35.67311,139.737283,"2019-01-14 06:38:13.042460","2019-01-14 06:38:13.042460",,,1,unnamed.jpg,ChIJu6hQNIeLGGARf5rRIjgFNvg
58,"サウンドスタジオＭ 西葛西","東京都江戸川区西葛西６丁目７−１ 西葛西メトロセンター４番街",35.6647125,139.8575646,"2019-01-14 06:38:14.381774","2019-01-14 06:38:14.381774",,,1,2018-07-11.jpg,ChIJn-QfSeGHGGARk8FHutg3uso
59,"【ミュージックシティ】新宿音楽スタジオ/音楽教室","東京都新宿区歌舞伎町２丁目４５−４ 与三郎ビルB1",35.696477,139.700481,"2019-01-14 06:38:15.424095","2019-01-14 06:38:15.424095",,,1,unnamed.jpg,ChIJHbi8HSiNGGARKlVLNNkrV9M
60,"リンキィディンクスタジオ 葛西店","東京都江戸川区中葛西３丁目３４−９ セントラルビル",35.6642221,139.8716164,"2019-01-14 06:38:24.197572","2019-01-14 06:38:24.197572",,,1,IMG_20180909_095659.jpg,ChIJq6oTjO2HGGARu66LeodBndo
61,"サウンドスタジオM 一之江","東京都江戸川区西瑞江５丁目 オルフェウス・サウンドスタジオＭ一之江",35.6804733,139.8800733,"2019-01-14 06:38:40.891507","2019-01-14 06:38:40.891507",,,1,2017-07-09.jpg,ChIJU_bUWlmNGGARm6X0snXh7cQ
62,"レコーディングスタジオ オルフェウス小岩","東京都江戸川区西小岩１丁目２７−１６ オルフェウスビル",35.73532,139.882313,"2019-01-14 06:38:42.322253","2019-01-14 06:38:42.322253",,,1,,ChIJU_bUWlmNGGARNZgL9MJWNXg
63,"マザーハウスレコーディングスタジオ","東京都豊島区南大塚１丁目６０−４",35.730493,139.732837,"2019-01-14 06:38:56.447528","2019-01-14 06:38:56.447528",,,1,2018-06-16.jpg,ChIJXVTuMJ6NGGAR_jPZIpdgh30
64,"Sound Studio ２Times","東京都江戸川区南小岩８丁目１０−２",35.732296,139.884218,"2019-01-14 06:38:57.550185","2019-01-14 06:38:57.550185",,,1,2017-08-31.jpg,ChIJvffUWlmNGGARjl_cji2Tey0
65,"スタジオミュジック 幡ヶ谷店","東京都渋谷区幡ヶ谷１丁目２ 幡ケ谷スカイマンション",35.677148,139.677469,"2019-01-14 06:38:58.689823","2019-01-14 06:38:58.689823",,,1,h_loby.jpg,ChIJ60zoOzvzGGARXWsjOKK4SrY
66,"芝浦スタジオ","東京都港区海岸３丁目９−１８ 山田倉庫（株）芝浦倉庫",35.638293,139.753863,"2019-01-14 06:39:02.601592","2019-01-14 06:39:02.601592",,,1,22117_813257318740843_7781375130760655760_n.jpg,ChIJ170oRzaKGGARV7mEP6ZIlJU
67,"I.G.Oスタジオ","東京都荒川区西日暮里３丁目５−１",35.731969,139.766496,"2019-01-14 06:39:04.548192","2019-01-14 06:39:04.548192",,,1,unnamed.jpg,ChIJsebzn9CNGGAR3PLQ72FeM4k
68,"エーススタジオ","東京都品川区上大崎４丁目３−７ エーススタジオ",35.6328395,139.7153866,"2019-01-14 06:39:05.620340","2019-01-14 06:39:05.620340",,,1,2018-11-14.jpg,ChIJrbiJxx6LGGARhCP4bB6w15c
69,"GAMP SOUNDSTUDIO","東京都港区麻布十番３丁目１−８ ギャンプサウンドスタジオ",35.653094,139.736317,"2019-01-14 06:39:06.612672","2019-01-14 06:39:06.612672",,,1,Ast______.jpg,ChIJeenUcKGLGGAR22YziBa93ug
70,"Rinky Dink Studio 都立大","東京都目黒区平町１丁目２２−１５",35.617535,139.677579,"2019-01-14 06:39:07.615964","2019-01-14 06:39:07.615964",,,1,IMG_20180916_003351.jpg,ChIJ5QJgbtn0GGARUgN_1EDgJcI
71,"ODEN STUDIO","東京都港区赤坂７丁目４−８ ＯＤＥＮＳＴＵＤＩＯ本館",35.6714868,139.7294379,"2019-01-14 06:39:08.990422","2019-01-14 06:39:08.990422",,,1,DSC_0703.jpg,ChIJL_xOK4CMGGARjoO_VhzMFTc
72,"サウンドスタジオノア秋葉原店","東京都千代田区外神田６丁目１４ ＡＫＩＨＡＢＡＲＡＮＯＡＨＢＬＤ．",35.7034698,139.7714863,"2019-01-14 06:39:10.035754","2019-01-14 06:39:10.035754",,,1,2017-07-04.jpg,ChIJBYrhQR6MGGARzKASg6uMah0
73,"レコーディングスタジオSTUDIOMOVE705","東京都中野区弥生町５丁目１１ マクヘンリービル",35.687575,139.668818,"2019-01-14 06:39:48.717870","2019-01-14 06:39:48.717870",,,1,2018-06-30.jpg,ChIJU_bUWlmNGGARJ9wE8m36ufM
74,"（株）ケン・ミュージック｜西新井 音楽教室・音楽スタジオ","東京都足立区栗原３丁目４−６ ケンミュージックスタジオ",35.778962,139.787095,"2019-01-14 06:40:16.092590","2019-01-14 06:40:16.092590",,,1,A____.jpg,ChIJwbU0Iu-RGGARWxhGylcmeZ4
75,"スタジオウイング","東京都北区赤羽２丁目８−２ いさみやビル2F",35.7796201,139.7255719,"2019-01-14 06:40:43.256337","2019-01-14 06:40:43.256337",,,1,20170430_131458.jpg,ChIJzXBKi_2SGGARHSROktw7Mpo
76,"Rinky Dink Studio 中野","東京都中野区中野２丁目２５−１ トビタビル",35.704596,139.666086,"2019-01-14 06:40:44.529070","2019-01-14 06:40:44.529070",,,1,DSC_7671.jpg,ChIJEXgrDJTyGGARy4nWWYV_3Z4
77,"音楽スタジオ Mew","東京都板橋区清水町４９−１０ Ｋ’ｓｆｌａｔｓ",35.7653242,139.7064129,"2019-01-14 06:40:51.207633","2019-01-14 06:40:51.207633",,,1,,ChIJL1JtgNuSGGARchYSRwFI5OI
78,"ガードアイランドスタジオ 下北沢南口店","東京都世田谷区北沢２丁目１３−６ 第一マツヤビル",35.660552,139.667553,"2019-01-14 06:40:55.120310","2019-01-14 06:40:55.120310",,,1,IMG_4017.jpg,ChIJ3a-Y0GvzGGARr5tWwVZO19U
79,"赤羽の音楽スタジオスタジオＪ","東京都北区東十条５丁目８−６ ＮＥＸＴビル",35.768727,139.726217,"2019-01-14 06:40:57.343927","2019-01-14 06:40:57.343927",,,1,___2014-04-12_11_16_54.jpg,ChIJB5Ql2PCSGGAR4ssR86dGeVI
80,"サウスサウンドスタジオ","東京都杉並区高円寺南３丁目１−４ キングスコート２",35.6979062,139.6469783,"2019-01-14 06:40:59.287549","2019-01-14 06:40:59.287549",,,1,CIMG3596.jpg,ChIJ0cQ02GPyGGARcMgYZHyxySo
81,"スタジオパークサイド","埼玉県戸田市南町５ スタジオパークサイド",35.803772,139.67318,"2019-01-14 06:41:14.003339","2019-01-14 06:41:14.003339",,,1,unnamed.jpg,ChIJuTz1Jl3rGGARCUhWDIYK-d0
82,"スタジオキーボード","東京都渋谷区代々木２丁目２−７ ソフィアビルディング",35.686457,139.700018,"2019-01-14 06:41:42.536820","2019-01-14 06:41:42.536820",,,1,2017-08-31.jpg,ChIJU_bUWlmNGGARGlit1sn-x50
83,"スタジオマザーハウス 江古田店","東京都練馬区小竹町１丁目６３−６ ロジェ・ヌワール 1F",35.7386694,139.6741335,"2019-01-14 06:42:01.383699","2019-01-14 06:42:01.383699",,,1,2017-07-26.jpg,ChIJEW4N40DtGGARf4R39pCI7A8
84,"スズキスタジオ１","東京都江東区三好２丁目３−９",35.6796298,139.8022443,"2019-01-14 06:42:39.682078","2019-01-14 06:42:39.682078",,,1,P1120705_500x375.jpg,ChIJnzcmCxeJGGARvg9umvEUisU
85,"サウンドスタジオフェイス","東京都北区赤羽２丁目４９−６ マルキュウハイック",35.7811,139.722769,"2019-01-14 06:43:11.930326","2019-01-14 06:43:11.930326",,,1,P_20160521_131739.jpg,ChIJ5UfdIAOTGGARbuJe23fmeG4
86,"スタジオペンタ池袋店","東京都豊島区南池袋２丁目４７−８",35.726534,139.716085,"2019-01-14 06:43:19.980765","2019-01-14 06:43:19.980765",,,1,entrance-1.jpg,ChIJVXWRSGmNGGAR-H-Ec2sfP0Q
87,"ガードアイランドスタジオ蒲田店"," 7 Chome-4-4 Nishikamata, Ota, Tokyo 144-0051, Japan",35.5639986,139.7157553,"2019-01-14 06:43:40.361101","2019-01-14 06:43:40.361101",,,1,,ChIJz13Fu1xgGGAR72NLzV-NMAo
88,"貸音楽スタジオサウンド・パーク","東京都大田区大森東１丁目２６−７ 福井ビル",35.5747443,139.738157,"2019-01-14 06:43:58.216042","2019-01-14 06:43:58.216042",,,1,unnamed.jpg,ChIJ7SIK67FhGGAR8sFOFYSKElA
89,"Crunch Studio","東京都品川区豊町３丁目４−９ ＮＥＷＡＢＵＮＤＡＮＴＨＯＵＳＥ８８",35.6078739,139.7208147,"2019-01-14 06:44:07.363072","2019-01-14 06:44:07.363072",,,1,studio010.jpg,ChIJHTYV9JGKGGARkv7Z8xcwHgM
90,"ミュージックスタジオユニバース","東京都新宿区細工町１−５ 牛込北町マンション",35.698257,139.733106,"2019-01-14 06:44:09.241648","2019-01-14 06:44:09.241648",,,1,1st.jpg,ChIJU2CxZliMGGARRhQZi-zSLjA
91,"スタジオ ポハサ","東京都大田区蒲田４丁目２０−９ シャウネシー蒲田",35.5615309,139.7214169,"2019-01-14 06:44:10.361872","2019-01-14 06:44:10.361872",,,1,20161126_154641.jpg,ChIJU-dT4VlgGGAROu8rgISZGPE
92,"HIT-STUDIO リハーサル＆レコーディングスタジオ","東京都港区三田２丁目１１−１５ 三田川崎ビル",35.6503382,139.7444806,"2019-01-14 06:44:12.673037","2019-01-14 06:44:12.673037",,,1,unnamed.jpg,ChIJWeAChrqLGGARCnAs-45r7pc
93,"レコーディングスタジオ Premier Studio Tokyo","東京都新宿区下宮比町２−１８ グランドメゾン飯田橋",35.7037263,139.7432677,"2019-01-14 06:44:14.518061","2019-01-14 06:44:14.518061",,,1,unnamed.jpg,ChIJzfwVQ0WMGGARtOjHsrESuG0
94,"LIBERA STUDIO 南青山 【リベラスタジオ 東京都内のレコーディングスタジオ】","東京都港区 南青山２丁目１２−１５ 4F",35.6713,139.7205692,"2019-01-14 06:44:15.613829","2019-01-14 06:44:15.613829",,,1,IMG_6621.jpg,ChIJVVV5lZyMGGAR_zEFBzO1aiY
95,"FUN MUSIC STUDIO","東京都文京区小石川５丁目４−９ 斎藤ビル",35.7176052,139.7379704,"2019-01-14 06:44:16.722157","2019-01-14 06:44:16.722157",,,1,unnamed.jpg,ChIJDYv0xK6NGGARXS6cDtP4Tvg
96,"シティバードスタジオ","東京都大田区千鳥１丁目１８−８ 第３正和コーポ",35.572338,139.692967,"2019-01-14 06:44:17.427549","2019-01-14 06:44:17.427549",,,1,,ChIJ2Z5BRQhgGGARunJ0KRj_i10
97,"お茶の水音楽スタジオ ポレット","東京都千代田区神田小川町３丁目１４",35.696511,139.760903,"2019-01-14 06:44:18.733659","2019-01-14 06:44:18.733659",,,1,DSC06068.jpg,ChIJKVSHwhCMGGARm9LiwU8Tcck
98,"HILL VALLEY STUDIO","東京都新宿区新宿５丁目 １８ 番地 ２０ 号 ルック ハイツ B１",35.694062,139.706421,"2019-01-14 06:44:19.886128","2019-01-14 06:44:19.886128",,,1,Ast.jpg,ChIJUSOb_9uMGGARKvuMf2gppAU
99,"ＭＩＴスタジオ","東京都港区芝４丁目３−１４ 仏教伝道センタービル",35.648833,139.750194,"2019-01-14 06:44:21.085731","2019-01-14 06:44:21.085731",,,1,DSC_0412.jpg,ChIJed-dXraLGGARkEbdZ0JhhJo
100,"ソニー・ミュージックスタジオ","東京都港区赤坂９丁目６−３５ ＳＭＥ乃木坂ビル",35.6672667,139.7277394,"2019-01-14 06:44:22.237394","2019-01-14 06:44:22.237394",,,1,2017-08-16.jpg,ChIJlwHPlX6LGGARHC7OyegWRqw
101,"Studio Chez Claude","東京都江東区森下１丁目５−４ Ａｌｌｏｎｇｅ’森下",35.6867491,139.7979061,"2019-01-14 06:44:24.074183","2019-01-14 06:44:24.074183",,,1,2018-06-30.jpg,ChIJaxHCejmJGGARETFZ1caNQc8
102,"アイオン音楽スタジオ","神奈川県川崎市川崎区小川町１６−１２ 神崎ビル",35.5271093,139.699029,"2019-01-14 06:44:28.285020","2019-01-14 06:44:28.285020",,,1,DSC_6693__2_.jpg,ChIJi6qrC6NgGGAR65GFig-E7aY
103,"島倉音楽スタジオ","神奈川県川崎市中原区木月３丁目３５−１ 元住吉アートフラッツ",35.5627101,139.6505708,"2019-01-14 06:44:37.349508","2019-01-14 06:44:37.349508",,,1,studio3.jpg,ChIJKcmm4IFfGGARRAkc-jX_E3I
104,"スタジオミュジック","神奈川県川崎市中原区新丸子町７３４−２ カメリアパレス",35.581208,139.661923,"2019-01-14 06:44:38.435898","2019-01-14 06:44:38.435898",,,1,Bst.jpg,ChIJW0cEv2_1GGARzqPjUsT7ZF4
105,"スタジオアイシャ","神奈川県川崎市中原区新丸子東２丁目９０７ イオンビル2F",35.577396,139.660823,"2019-01-14 06:44:49.788626","2019-01-14 06:44:49.788626",,,1,20180716_125328.jpg,ChIJCa3jK2X1GGARebLufXVz3no
106,"サウンドスタジオ八泉","神奈川県川崎市川崎区小川町 仲章ビル",35.528059,139.699832,"2019-01-14 06:44:52.931404","2019-01-14 06:44:52.931404",,,1,profile_picture.jpg,ChIJfY1qHaNgGGARpOFRZq32dOI
107,"スタジオ２１","神奈川県横浜市鶴見区下末吉１丁目３０−２３",35.5197105,139.6703977,"2019-01-14 06:44:57.723500","2019-01-14 06:44:57.723500",,,1,unnamed.jpg,ChIJ63DVCEBeGGARH-b7Ij_KKqc
108,"ハートビートレコーディングスタジオ","東京都世田谷区野沢２丁目２−２ ベルヴィ野沢",35.63231,139.669552,"2019-01-14 06:45:03.639021","2019-01-14 06:45:03.639021",,,1,,ChIJS4AulZX0GGARisKAfWOPRDk
109,"studio LABO スタジオラボ","東京都世田谷区等々力３丁目１３−１５ グランペール等々力",35.608739,139.6492019,"2019-01-14 06:45:09.257595","2019-01-14 06:45:09.257595",,,1,________.jpg,ChIJtfhyN1b0GGARWuOe6fr-gPE
110,"Rinky Dink Studio梅ヶ丘","東京都世田谷区 梅丘1-21-7梅ヶ丘駅前ビル2F",35.6556627,139.6537553,"2019-01-14 06:45:11.527459","2019-01-14 06:45:11.527459",,,1,IMG_2077.jpg,ChIJl6feOHTzGGAReFbMaMJeFzA
111,"STUDIO PJ co.,Ltd","東京都大田区雪谷大塚町１１−１１ アイリス雪谷ビル",35.5898746,139.6786669,"2019-01-14 06:45:12.798032","2019-01-14 06:45:12.798032",,,1,IMG_0354.jpg,ChIJgVAktEX1GGARcfZphefl0Gw
112,"スタジオ２５","東京都世田谷区三軒茶屋１丁目３６−２ SANJA108 B1F",35.642392,139.671674,"2019-01-14 06:45:15.134217","2019-01-14 06:45:15.134217",,,1,,ChIJzyhXE6L0GGARMhaVqE2epX4
113,"録音スタジオ、アイランドスタジオ","東京都品川区中延３丁目８−１８",35.6072091,139.7112905,"2019-01-14 06:45:15.817009","2019-01-14 06:45:15.817009",,,1,,ChIJkwPl2b-KGGARoKkX_wlTmZk
114,"Majestic Studio","東京都渋谷区笹塚３丁目９−１０ ツワイザ",35.6774827,139.6692448,"2019-01-14 06:45:16.940150","2019-01-14 06:45:16.940150",,,1,Ast.jpg,ChIJe6hw8hjzGGARrujsgcNbmO0
115,"サウンドアーツ","東京都目黒区自由が丘３丁目７−１８ ノア２１",35.609119,139.665328,"2019-01-14 06:45:17.816633","2019-01-14 06:45:17.816633",,,1,unnamed.jpg,ChIJ9dHwA-L0GGARRgkZLug3wQ8
116,"URBAN FOREST","東京都品川区東五反田１丁目８−１１ 石坂ビル",35.62773,139.726586,"2019-01-14 06:45:18.957048","2019-01-14 06:45:18.957048",,,1,unnamed.jpg,ChIJC5y24PuKGGARyZToI15ABmk
117,"サウンドスタジオノア 代々木","東京都渋谷区千駄ヶ谷４丁目２６−５ 代々木ノアビル",35.68097,139.704336,"2019-01-14 06:45:20.015183","2019-01-14 06:45:20.015183",,,1,yoyogi_newlobby.jpg,ChIJrRFmTceMGGARi3-YsQ3UEjI
118,"サウンドスタジオ リバイバル","東京都杉並区荻窪５丁目３０−５ 大国ビル",35.703901,139.621631,"2019-01-14 06:45:48.841966","2019-01-14 06:45:48.841966",,,1,unnamed.jpg,ChIJwTbTB_ftGGARm3DDPIkJkjQ
119,"世田谷アールイーシースタジオ","東京都世田谷区北烏山６丁目３１−６",35.6728428,139.5948077,"2019-01-14 06:45:51.499151","2019-01-14 06:45:51.499151",,,1,151010_0903-02__1_.jpg,ChIJyTQ-pezxGGARmfLrT68ypNE
120,"J’Z STUDIO 千歳烏山店","東京都世田谷区南烏山６丁目６−２ サンマルシェビルB1F",35.667844,139.599892,"2019-01-14 06:45:53.538807","2019-01-14 06:45:53.538807",,,1,2017-08-31.jpg,ChIJN43BL47xGGARFAMPAC5YKW0
121,"クラウドナインスタジオ宮前平店","神奈川県川崎市宮前区馬絹１丁目５−２９ クラウドナインビル",35.5834243,139.586671,"2019-01-14 06:45:56.664375","2019-01-14 06:45:56.664375",,,1,FH000009.jpg,ChIJT69tCPP2GGAR3oWJMUFZz_I
122,"リンキィディンクスタジオ 荻窪","東京都杉並区上荻１丁目１８−１５ 八百松",35.7060149,139.6182254,"2019-01-14 06:46:03.380629","2019-01-14 06:46:03.380629",,,1,3st.jpg,ChIJLRDFQ_rtGGAR-NFWtnb3XA8
123,"ブルー ヌード スタジオ","東京都大田区 西馬込1-32-15 共信ビル301",35.5897619,139.703383,"2019-01-14 06:46:25.880270","2019-01-14 06:46:25.880270",,,1,2017-10-15.jpg,ChIJAQDwUqaKGGAR7Cf0QBQbTlw
124,"マッドスタジオ","東京都 目黒区目黒１丁目５−１９目黒第１ビル １F",35.6346674,139.7124192,"2019-01-14 06:46:27.080051","2019-01-14 06:46:27.080051",,,1,2016-06-17.jpg,ChIJVVVpYhiLGGAR1_5xDmBuZF0
125,"Studio GVIDO グイド","東京都品川区東品川２丁目６−１０ 寺田倉庫本社",35.6209415,139.7487869,"2019-01-14 06:46:27.780727","2019-01-14 06:46:27.780727",,,1,,ChIJU23_uGuKGGAR5rUnxOPo16s
126,"スタジオリンデ","東京都品川区旗の台５丁目１８−７ ハウスＫ",35.6040452,139.7000805,"2019-01-14 06:46:29.191092","2019-01-14 06:46:29.191092",,,1,image.jpg,ChIJwXhg57eKGGARCsGDOeQHk9A
127,"サウンドクルースタジオ","東京都大田区平和島５丁目１０−３ ローソンサウンドクルー店",35.576017,139.746769,"2019-01-14 06:46:31.443393","2019-01-14 06:46:31.443393",,,1,IMG_20180607_111836.jpg,ChIJwTg3LaNhGGARski36gppXv0
128,"STUDIO MECH","東京都目黒区中町２丁目５０−１３ ピーク",35.63375,139.6896868,"2019-01-14 06:46:32.753977","2019-01-14 06:46:32.753977",,,1,2018-10-29.jpg,ChIJL200FMv0GGARFKdAz01Jq14
129,"スタジオ エルヴール","東京都品川区荏原４丁目１７−１９ エルヴール",35.614177,139.705452,"2019-01-14 06:46:34.022742","2019-01-14 06:46:34.022742",,,1,unnamed.jpg,ChIJO6LNk8SKGGARAoTC7jwlDUE
130,"三和ミュージックサロン＆スタジオ","東京都大田区東糀谷２丁目５−８ サンワミュージックサロン＆スタジオ",35.556183,139.740905,"2019-01-14 06:46:35.185452","2019-01-14 06:46:35.185452",,,1,IMG_20170315_131927.jpg,ChIJY-UEthphGGAR0wizJG5dUgU
131,"ABCスタジオ有明綜合物流センター","東京都江東区有明１丁目３−３３ ＴＨＫ（株）東京商品センター",35.6380372,139.7884539,"2019-01-14 06:46:36.497877","2019-01-14 06:46:36.497877",,,1,DSC_6026.jpg,ChIJAQDAfOuJGGAR06dOTLhgXco
132,"羽田スタジオ-HANEDA ENTERTAINMENT STUDIO","東京都大田区東糀谷６丁目４−１４",35.559722,139.7497485,"2019-01-14 06:46:37.684285","2019-01-14 06:46:37.684285",,,1,IMG_20170315_123843.jpg,ChIJ-Sq4eBJhGGARjHG22gCT01I
133,"スタジオ サムホエア","東京都目黒区五本木１丁目２９−１ PIAZZA-U B1",35.637896,139.689422,"2019-01-14 06:46:38.381387","2019-01-14 06:46:38.381387",,,1,,ChIJz6r6bLX0GGARjTcqwkdvCJQ
134,"和の音スタジオ めでたい","東京都品川区 中延４丁目６−６",35.6054649,139.7134848,"2019-01-14 06:46:39.574801","2019-01-14 06:46:39.574801",,,1,DSC_0721.jpg,ChIJMbZV15WKGGAROfblh9wd9jI
135,"（株）ＡＰＵ目黒スタジオ","東京都目黒区下目黒１丁目３−３",35.633945,139.713087,"2019-01-14 06:46:40.320175","2019-01-14 06:46:40.320175",,,1,,ChIJUcHD6xiLGGARMowPzTnVInc
136,"サウンドスタジオノア三軒茶屋店","東京都世田谷区三軒茶屋１丁目５ 三軒茶屋ノアビル",35.6402972,139.6748104,"2019-01-14 06:46:41.479775","2019-01-14 06:46:41.479775",,,1,unnamed.jpg,ChIJYeUaS6P0GGAR7n0GXWkdizg
137,"蟠竜寺スタジオ","東京都目黒区下目黒３丁目４−４ 蟠龍寺スタジオ",35.630423,139.708779,"2019-01-14 06:46:42.211955","2019-01-14 06:46:42.211955",,,1,,ChIJzwJ1eSGLGGARWa22n0LEQNY
138,"ノアスタジオ 学芸大スタジオ","東京都目黒区碑文谷５丁目２５−１０ ノアビル２２",35.6235478,139.6795317,"2019-01-14 06:46:43.328986","2019-01-14 06:46:43.328986",,,1,2018-06-27.jpg,ChIJgX5Xytr0GGARftC2wmx9s_o
139,"Sound Studio Dawn","神奈川県川崎市多摩区西生田２丁目３ サウンドスタジオドーン",35.614962,139.538255,"2019-01-14 06:46:56.506150","2019-01-14 06:46:56.506150",,,1,2017-11-24.jpg,ChIJk9wegJfwGGARtuSqoWYtt9o
140,"BEN辿","東京都狛江市東和泉１丁目１８−８ タカラビル",35.6320246,139.5776024,"2019-01-14 06:47:10.228503","2019-01-14 06:47:10.228503",,,1,CIMG7191.jpg,ChIJsSer6hnxGGAR6LlEBfAsHvc
141,"クラウドナインスタジオ 登戸店","神奈川県川崎市多摩区登戸３５２０−７ 登戸ビル",35.621356,139.569963,"2019-01-14 06:47:12.990401","2019-01-14 06:47:12.990401",,,1,DSC_0425.jpg,ChIJp5fFtyDxGGARBr4dpyAK1FA
142,"Rinky Dink Studio荻窪","東京都杉並区上荻１丁目１８−１５ 八百松",35.7060149,139.6182254,"2019-01-14 06:47:17.240589","2019-01-14 06:47:17.240589",,,1,2018-06-15.jpg,ChIJLRDFQ_rtGGARy4wW8Zg7cvY
143,"サウンドショト 武蔵関","東京都練馬区関町北１丁目１６−１３ ビューラー関",35.725981,139.578176,"2019-01-14 06:47:21.136200","2019-01-14 06:47:21.136200",,,1,2017-09-03.jpg,ChIJcx1EEvruGGARCZBYM1r-6lk
144,"吉祥寺スタジオORES","東京都武蔵野市吉祥寺本町１丁目７−８",35.7040889,139.5783513,"2019-01-14 06:47:24.643220","2019-01-14 06:47:24.643220",,,1,oRES___.jpg,ChIJ92Qke0juGGARfgcR-vrr8JA
145,"スタジオペンタ吉祥寺サウスサイド","東京都武蔵野市吉祥寺南町１丁目１−４ 三河屋ビル",35.702841,139.578916,"2019-01-14 06:47:32.197201","2019-01-14 06:47:32.197201",,,1,unnamed.jpg,ChIJ_3CH_UfuGGARk_rEKKnBcP0
146,"MEGA HYPER STUDIO","東京都狛江市岩戸北１丁目１０−６ 甲武ビルB−1",35.6373333,139.5803904,"2019-01-14 06:47:37.270344","2019-01-14 06:47:37.270344",,,1,IMG_6963.jpg,ChIJt-22QxDxGGAR8yT2pQcVSjA
147,"TAD POLE STUDIO","東京都世田谷区宮坂３丁目１０−７ ＹＭＴビル",35.6526005,139.6377794,"2019-01-14 06:48:21.083234","2019-01-14 06:48:21.083234",,,1,2017-09-08.jpg,ChIJn9vj1JfzGGARjMFDBocRrfk
148,"朝霞市 ライブ INN","埼玉県朝霞市仲町１丁目１０−２４",35.8013492,139.6011658,"2019-01-14 06:49:02.648466","2019-01-14 06:49:02.648466",,,1,,ChIJpd9DRXjpGGARy6ii70wAjJk
149,"貸音楽スタジオ・セイショウ","東京都練馬区上石神井４丁目１−５ 成昇ビル 4F",35.726759,139.590319,"2019-01-14 06:49:05.556524","2019-01-14 06:49:05.556524",,,1,2018-03-16.jpg,ChIJianywYruGGARFpRzh24h560
150,"高井戸音楽スタジオ","東京都杉並区宮前１丁目２０−３２ 宮前一丁目ビル",35.6894747,139.6160761,"2019-01-14 06:49:10.386990","2019-01-14 06:49:10.386990",,,1,DSC_0740.jpg,ChIJ_zoANxvyGGAR-AbFPJ9eeC8
151,"LANDRUTH music studio & sound create","東京都世田谷区北沢２丁目１２−１０ ＳＳビル",35.6609402,139.6680122,"2019-01-14 06:50:53.945848","2019-01-14 06:50:53.945848",,,1,IMG_3892.jpg,ChIJZ0wL0mvzGGARSSdkHIITFPc
152,"エアー・サウンド・スタジオ","東京都板橋区坂下２丁目３２−２１ 寺本ビル",35.7849152,139.6812368,"2019-01-14 06:51:23.043691","2019-01-14 06:51:23.043691",,,1,2018-05-01.jpg,ChIJwdVUq7DsGGARppP7cCGhH4Q
153,"スタジオライフ","東京都中野区新井５丁目１−１",35.713609,139.668506,"2019-01-14 06:51:40.779330","2019-01-14 06:51:40.779330",,,1,2017-06-03.jpg,ChIJGftV-ZjyGGAR6lbsXgJesG8
154,"ねこの手スタジオ（レコーディングスタジオ）","東京都板橋区南常盤台２丁目８−１",35.7572793,139.6868794,"2019-01-14 06:51:41.467495","2019-01-14 06:51:41.467495",,,1,,ChIJqyQYzS3tGGARAzd91QkbUBU
155,"スタジオ・レッド 竹の塚店","東京都足立区西竹の塚１丁目１３−１１ 中島ビル",35.793854,139.789148,"2019-01-14 06:51:42.507839","2019-01-14 06:51:42.507839",,,1,DSC_0050.jpg,ChIJu69pJ5eRGGARqBLXw24XQuk
156,"Platinum Garage プラチナムガレージ","東京都中野区東中野４丁目２７−３３ エムエス東中野",35.7109437,139.6891706,"2019-01-14 06:51:43.492146","2019-01-14 06:51:43.492146",,,1,unnamed.jpg,ChIJ76Rou6KLGGARV3y42vcutgw
157,"スタジオモンキーダンス","埼玉県川口市西川口１丁目３３−９",35.8139019,139.7008553,"2019-01-14 06:51:44.200663","2019-01-14 06:51:44.200663",,,1,,ChIJPecIha-UGGAR2izRJdOl4Gc
158,"Pスタジオ／Pスタジオ音楽教室","東京都練馬区豊玉北１丁目１２−１２ エスカイア江古田",35.7347097,139.6688784,"2019-01-14 06:52:31.763498","2019-01-14 06:52:31.763498",,,1,Pstudio-squre.jpg,ChIJd6O3OmrtGGARjoBXtCGESMk
159,"sound studio PACKS 南浦和店","埼玉県さいたま市南区南本町１丁目１０−２ Ｏ・Ｙビル",35.845309,139.668969,"2019-01-14 06:53:26.811961","2019-01-14 06:53:26.811961",,,1,2017-09-04.jpg,ChIJ9x6hR-rqGGARjGUPnNcVqVw
160,"スタジオトライブ","東京都西東京市田無町４丁目１７−２１ コーポ柚子 1F",35.729521,139.536065,"2019-01-14 06:53:38.983948","2019-01-14 06:53:38.983948",,,1,,ChIJYQLa81rvGGAR9oLSxXLYasc
161,"サウンドスタジオノア 吉祥寺店","東京都武蔵野市吉祥寺東町１丁目４−２７ アソルティ吉祥寺エスト",35.706824,139.580725,"2019-01-14 06:53:55.380961","2019-01-14 06:53:55.380961",,,1,15.11_kichijoji_lobby.jpg,ChIJ35HlaEbuGGARNYpc6KLkmFE
162,"Rinky Dink Studio 吉祥寺","東京都武蔵野市吉祥寺本町１丁目３０−１０ ＲｉｎｋｙＤｉｎｋスタジオキチジョウジ",35.7045057,139.5830536,"2019-01-14 06:53:59.743025","2019-01-14 06:53:59.743025",,,1,,ChIJSWR5XEfuGGAR9cffOZ-Hf7o
163,"Dot Spot Studio (ドットスポットスタジオ)","東京都練馬区石神井町３丁目２８−５",35.7424934,139.6030812,"2019-01-14 06:54:05.240678","2019-01-14 06:54:05.240678",,,1,P_20180808_155804_vHDR_Auto.jpg,ChIJeSa6opvuGGARwR_X2XhmHgU
164,"リハーサルスタジオ シャッフル","東京都世田谷区南烏山６丁目３３ アベニューカラスヤマ",35.670223,139.600331,"2019-01-14 06:54:06.426202","2019-01-14 06:54:06.426202",,,1,unnamed.jpg,ChIJrZ6O5o3xGGARaSDImt9Oydk
165,"アベル","埼玉県朝霞市浜崎１丁目３−１０ モビットローン申込機",35.815647,139.587794,"2019-01-14 06:54:09.146072","2019-01-14 06:54:09.146072",,,1,DSC_0188.jpg,ChIJg-xei7_pGGARxF24mqYiFgI
166,"STUDIO VITO","東京都西東京市ひばりが丘北３丁目４−３ Ｔ＆Ｋひばりが丘",35.752357,139.546393,"2019-01-14 06:54:09.864615","2019-01-14 06:54:09.864615",,,1,,ChIJb4g8mLfoGGARGkfHVX4fAs4
167,"レコーディングスタジオ ゴーティ","東京都練馬区立野町１０−３９ イルカステッレット",35.713807,139.582504,"2019-01-14 06:54:10.960482","2019-01-14 06:54:10.960482",,,1,unnamed.jpg,ChIJBVGIPFvuGGARofCoYso_d6c
168,"サウンドスタジオ・イフ","埼玉県八潮市中央１丁目２６−１４ ＳＯＵＮＤＳＴＵＤＩＯｉｆ",35.8219166,139.8332835,"2019-01-14 06:54:58.690800","2019-01-14 06:54:58.690800",,,1,DSC_0426.jpg,ChIJXXgB6l-QGGAREGadDaX4diQ
169,"みらい音楽社中スタジオ","東京都荒川区西尾久１丁目２６−４",35.7452819,139.7618022,"2019-01-14 06:55:00.672675","2019-01-14 06:55:00.672675",,,1,profile_picture.jpg,ChIJKYPqaO-NGGARaOcFoPt-cGI
170,"Rinky Dink Studio本八幡","千葉県市川市南八幡４丁目７−１３ シャンポール本八幡",35.7196783,139.9266986,"2019-01-14 06:55:03.371695","2019-01-14 06:55:03.371695",,,1,IMG_20171112_203307.jpg,ChIJY3ndnNCGGGAR-AaU7wrKHB0
171,"スタジオ・レッド綾瀬店","東京都足立区綾瀬３丁目５−１７ 綾瀬フレンドハイツ",35.7630039,139.824591,"2019-01-14 06:55:10.378270","2019-01-14 06:55:10.378270",,,1,unnamed.jpg,ChIJV8ysJLiPGGAR7rUSg5tV8Vw
172,"スタジオ・サン","千葉県船橋市印内町５７０−１",35.705608,139.959608,"2019-01-14 06:55:12.999064","2019-01-14 06:55:12.999064",,,1,DSC_0001.jpg,ChIJ4aLyrJWAGGARXfZc_PHPhww
173,"サウンドスタジオM小岩","東京都江戸川区西小岩１丁目２７−１６ オルフェウスビル",35.73532,139.882313,"2019-01-14 06:55:17.098451","2019-01-14 06:55:17.098451",,,1,DSC_0353.jpg,ChIJU_bUWlmNGGAR6lS9JaFi_Dw
174,"スタジオU","千葉県松戸市日暮３丁目１６−６ ときわ珠算塾",35.789619,139.935113,"2019-01-14 06:55:20.168709","2019-01-14 06:55:20.168709",,,1,,ChIJTbB9w3-EGGARD8fj8jaJFtQ
175,"ハウススタジオホロネット","東京都江戸川区東葛西２丁目２−１１",35.668303,139.874722,"2019-01-14 06:55:22.513431","2019-01-14 06:55:22.513431",,,1,,ChIJ_7_VyOyHGGARBdu4VlKzlbM
176,"カフェオレーベル レコーディング・スタジオ","東京都足立区綾瀬３丁目１７−１２ パークハイツ原",35.764832,139.825,"2019-01-14 06:55:23.504193","2019-01-14 06:55:23.504193",,,1,cafeoTOP.jpg,ChIJTwEs9MePGGARh6jls8kD2pc
177,"HMVP大手町スタジオ","橋 ビル B2, １丁目-７-11 内神田 千代田区 東京都 日本",35.6901685,139.7665458,"2019-01-14 06:55:24.712549","2019-01-14 06:55:24.712549",,,1,IMG_20170703_095101.jpg,ChIJVVVJvQaMGGARVWvNkw9_Wh4
178,Void)))Lab,"東京都台東区清川１丁目２１−９",35.725724,139.802259,"2019-01-14 06:55:25.893518","2019-01-14 06:55:25.893518",,,1,unnamed.jpg,ChIJuyaqCu-OGGARfp0IcpfTQFQ
179,"YAMASU STUDIO","埼玉県八潮市鶴ケ曽根１７７４",35.827472,139.841866,"2019-01-14 06:55:27.960480","2019-01-14 06:55:27.960480",,,1,unnamed.jpg,ChIJlVwhy4mQGGAR8EuFbWInPq8
180,"ヒトスタ","東京都荒川区西日暮里２丁目４７−４ ＣＱレジデンシャル西日暮里ステーションフロント",35.731663,139.769805,"2019-01-14 06:55:29.050803","2019-01-14 06:55:29.050803",,,1,unnamed.jpg,ChIJ1TCqfoCOGGARBYET1IxHF7g
181,"Studio Bpm Kanda","東京都千代田区神田司町２丁目１３ 神田第４アメレックスビル",35.6942514,139.7672945,"2019-01-14 06:55:30.228277","2019-01-14 06:55:30.228277",,,1,2018-12-01.jpg,ChIJKQagmQSMGGARM_WyovCN6NE
182,"Zest Music Lab.(Recording Studio)","千葉県松戸市根木内３５３−１２",35.8288961,139.9436798,"2019-01-14 06:55:30.907578","2019-01-14 06:55:30.907578",,,1,,ChIJdfmJEFODGGARbCro2AZA6Ec
183,"Recording Studio TRAN スタジオトラン","千葉県市川市菅野４丁目１６−１１ ｖｏｔｒｅａｍｏｕｒ",35.7329853,139.9240029,"2019-01-14 06:55:32.093038","2019-01-14 06:55:32.093038",,,1,unnamed.jpg,ChIJCc-UU7iGGGARQ4RkInSM1IY
184,"ヤマハ銀座店後援 四つ木音楽教室","東京都葛飾区四つ木２丁目２１−１ イトーヨーカドー四つ木店 1F",35.7372228,139.8385756,"2019-01-14 06:55:33.341462","2019-01-14 06:55:33.341462",,,1,IMG_20180623_104803.jpg,ChIJHb5ucmyPGGARaqp1EfCivKs
185,"スタジオよもだ","東京都台東区根岸２丁目１２−１１ サクラハウス鶯谷Ａ",35.724625,139.777943,"2019-01-14 06:55:34.502944","2019-01-14 06:55:34.502944",,,1,2018-07-15.jpg,ChIJBWVVzYaOGGARUePbqU6upsk
186,"スタジオ阿弥陀","目-８-20 下谷 台東区 東京都 日本",35.719437,139.7823034,"2019-01-14 06:55:36.652258","2019-01-14 06:55:36.652258",,,1,DSC_1012.jpg,ChIJZVOHupqOGGAR9ta36nrZ9Uo
187,"フラ オ ナープアオカラニ 金町駅前スタジオ","東京都葛飾区東金町１丁目４５−４ 綾部ビル",35.7699239,139.8713485,"2019-01-14 06:55:37.284706","2019-01-14 06:55:37.284706",,,1,,ChIJaSPM8nOFGGARVVb9AsA-Ci8
188,"HMVP新御徒町スタジオ","東京都台東区小島２丁目１９−１６ ＦＫ２１",35.7064087,139.7834405,"2019-01-14 06:55:38.472627","2019-01-14 06:55:38.472627",,,1,DSC03059.jpg,ChIJVVVRUbuOGGARloQFuanMCaQ
189,"SOS MUSIC STUDIO","東京都江東区福住１丁目１３−７ 霜ビル１",35.6756506,139.7939272,"2019-01-14 06:55:40.261664","2019-01-14 06:55:40.261664",,,1,,ChIJ__9PzxSJGGARHStyo_MabYk
190,"ワイルドフラワースタジオ","千葉県市川市行徳駅前１丁目５−１３",35.6842416,139.9165067,"2019-01-14 06:55:41.374034","2019-01-14 06:55:41.374034",,,1,unnamed.jpg,ChIJn_p_fkKHGGAR-qrcX9BmS1E
191,"スタジオ アプローズ","東京都墨田区両国３丁目１９−８",35.6939621,139.7942314,"2019-01-14 06:55:42.615155","2019-01-14 06:55:42.615155",,,1,2017-03-14.jpg,ChIJpx92kzWJGGARgUFE1Uwg9l0
192,"ウェディングソングスタジオ / 東京南千住にある音楽スタジオ","東京都台東区清川１丁目２１−５",35.7254176,139.8022099,"2019-01-14 06:55:43.768745","2019-01-14 06:55:43.768745",,,1,__.jpg,ChIJK_KgDO-OGGAR3n62mFitH14
193,"ホムラサウンド(HOMURA SOUND)-上野スタジオ","東京都台東区北上野１丁目１１−１２ フェイス北上野",35.717746,139.782701,"2019-01-14 06:55:44.802352","2019-01-14 06:55:44.802352",,,1,homura008.jpg,ChIJwaFKfJqOGGARYTay2PzVL9E
194,"フリップサウンド","東京都足立区東綾瀬１丁目９−８ Nagashimaビル1F",35.7643523,139.8325269,"2019-01-14 06:55:46.041910","2019-01-14 06:55:46.041910",,,1,DSC01654.jpg,ChIJDeNSXL6PGGAROySCB9ZQhnc
195,"トーンフォレスト音楽教室・スタジオトーンフォレスト","東京都足立区千住寿町３２−１ コーポ谷岡",35.753373,139.800136,"2019-01-14 06:55:47.064430","2019-01-14 06:55:47.064430",,,1,unnamed.jpg,ChIJNWu8E0eOGGARyF2sCGWVsm0
196,"Gold Rush Studio","東京都台東区小島２丁目１７−１０ メゾン新御徒町",35.7062578,139.783229,"2019-01-14 06:55:48.264224","2019-01-14 06:55:48.264224",,,1,unnamed.jpg,ChIJ07YNU7uOGGARmj5Pc0cEMwE
197,"サウンドスタジオM 一之江店","東京都江戸川区西瑞江５丁目 オルフェウス・サウンドスタジオＭ一之江",35.6804523,139.8798737,"2019-01-14 06:55:49.712889","2019-01-14 06:55:49.712889",,,1,,ChIJfWlxr76HGGAR0IJjarr7VLo
198,"明治座森下スタジオ","東京都江東区森下３丁目６−５ 明治座森下スタジオ",35.6878462,139.8015752,"2019-01-14 06:55:50.876713","2019-01-14 06:55:50.876713",,,1,2017-08-30.jpg,ChIJ307hDTuJGGARLb4Apws6nmo
199,"団子坂スタジオ","東京都文京区千駄木５丁目１ ＥＬＫＨＥＡＲＴＳＡＸＯＰＨＯＮＥＳ",35.7252119,139.7608482,"2019-01-14 06:55:54.440697","2019-01-14 06:55:54.440697",,,1,DSC_0018.jpg,ChIJt3ub2M2NGGARfs_qZKGb1nE
200,"studio PACKS 新松戸店","千葉県松戸市新松戸４丁目１４−２ カラフビル2F",35.8265777,139.9193624,"2019-01-14 06:55:55.528089","2019-01-14 06:55:55.528089",,,1,IMG_6074.jpg,ChIJP3dnDUmbGGAROJrH6eSu0Qc
201,"東京 上野のピアノ音楽サロン・スタジオ LOVERSION （ラバージョン）","東京都台東区東上野５丁目１５−３ ラバージョン上野",35.7139113,139.7819274,"2019-01-14 06:55:56.850313","2019-01-14 06:55:56.850313",,,1,unnamed.jpg,ChIJSbTAwJmOGGARO_-id6Fs7C8
202,"シンフォニーサロン","東京都江東区深川２丁目４−８ SYMPHONY 2F",35.6741839,139.797076,"2019-01-14 06:55:58.305217","2019-01-14 06:55:58.305217",,,1,2018-09-29.jpg,ChIJg9KivxOJGGARydUc0t_gGns
203,"イケベック","東京都千代田区神田佐久間町２丁目 プレイヤーズクラブイケベック",35.6978145,139.7762707,"2019-01-14 06:55:59.490331","2019-01-14 06:55:59.490331",,,1,IkeBECK-201st.jpg,ChIJxaUy7KiOGGARgHK4m6ovevE
204,"Rinky Dink Studio 八王子","東京都八王子市三崎町２−７",35.6568939,139.3366457,"2019-01-14 06:56:02.356744","2019-01-14 06:56:02.356744",,,1,,ChIJk4LSstkdGWARM8_cNZeBXMU
205,"Rinky Dink Studio 町田","東京都町田市森野１丁目３６−１ 渋谷ビル",35.5457006,139.4449681,"2019-01-14 06:56:03.022719","2019-01-14 06:56:03.022719",,,1,,ChIJHRTw5bL-GGARKkjmOfKTNB4
206,"velvet room studio (ベルベットルームスタジオ)","神奈川県相模原市中央区清新４丁目７−１３",35.580947,139.359394,"2019-01-14 06:56:04.087134","2019-01-14 06:56:04.087134",,,1,DSC_5079.jpg,ChIJydvE8aMCGWARy2hsXpc7IaI
207,"スタジオペンタ立川店","東京都立川市錦町２丁目１−２８",35.6952608,139.4143126,"2019-01-14 06:56:05.117340","2019-01-14 06:56:05.117340",,,1,unnamed.jpg,ChIJ3RVtnXzhGGARIIjByOGYzUM
208,"ゲートウェイスタジオ 町田店","上鶴間本町３丁目１７−３",35.5413205,139.4443933,"2019-01-14 06:56:06.601735","2019-01-14 06:56:06.601735",,,1,line_1537522522765.jpg,ChIJtd2O87T-GGARo6voutZ8QYQ
209,"リンキィディンクスタジオ 町田","東京都町田市森野１丁目３６−１ 渋谷ビル",35.5456285,139.4449757,"2019-01-14 06:56:07.929250","2019-01-14 06:56:07.929250",,,1,2018-03-10.jpg,ChIJHRTw5bL-GGARv1XU7zAfTo8
210,"スタジオペンタ立川 II","東京都立川市錦町１丁目３−１８ 第一東信ビル",35.6962063,139.4156496,"2019-01-14 06:56:09.053108","2019-01-14 06:56:09.053108",,,1,DSC_1908.jpg,ChIJYR2fUXvhGGARpexmY1O7-ug
211,"Ｍ．ｓｔｕｄｉｏ 多摩センター店","東京都多摩市豊ケ丘１丁目６０−８ アイム在宅ケアセンター多摩",35.6253061,139.4309654,"2019-01-14 06:56:10.174130","2019-01-14 06:56:10.174130",,,1,2017-02-06.jpg,ChIJB8MnDZIdGWAR7FdbXNhecQM
212,"Studio ABR(スタジオエービーアール)","東京都八王子市打越町３４４−６ カリヨン・プラス",35.6447542,139.3546806,"2019-01-14 06:56:11.320616","2019-01-14 06:56:11.320616",,,1,L02.jpg,ChIJwZnJXUvjGGARWbri4WqQ6UE
213,"パンキースタジオ","東京都八王子市堀之内３丁目３５−６ （株）パンキーミュージックパーティー",35.625805,139.400668,"2019-01-14 06:56:12.574866","2019-01-14 06:56:12.574866",,,1,RIMG0601.jpg,ChIJoy3vANziGGARNwEG_2p4tJ0
214,"スタジオネイ Studio nei","東京都八王子市明神町３丁目２２−９ ＧＡＴＥＷＡＹＳＴＵＤＩＯ八王子店",35.65723,139.3435724,"2019-01-14 06:56:13.818989","2019-01-14 06:56:13.818989",,,1,DSC_2304.jpg,ChIJkYdw3t0dGWAREMCCbOmaRVc
215,"国立音楽大学 ＡＩスタジオ","東京都国立市中１丁目８−２５ 国立音楽大学Ａ・Ｉスタジオ",35.6987496,139.4437624,"2019-01-14 06:56:14.832729","2019-01-14 06:56:14.832729",,,1,____.jpg,ChIJo1qV1_7jGGARGdSUwpQuG-s
216,"スタジオオルウェイズ","東京都八王子市台町４丁目２３−１ サニーサイドテラス",35.657807,139.320639,"2019-01-14 06:56:15.900361","2019-01-14 06:56:15.900361",,,1,2017-08-31.jpg,ChIJL0Vqt4YeGWAR5c_DH9w-3Jw
217,"STUDIO MARK(スタジオマーク)","東京都多摩市鶴牧６丁目１１−１６ ＳＴＵＤＩＯＭＡＲＫ",35.615265,139.412563,"2019-01-14 06:56:17.096182","2019-01-14 06:56:17.096182",,,1,unnamed.jpg,ChIJw3TFE9P8GGARNvAoLRJROs8
218,"ゲートウェイスタジオ 立川店","東京都立川市柴崎町２丁目１−５",35.69756,139.411643,"2019-01-14 06:56:18.161099","2019-01-14 06:56:18.161099",,,1,CIMG1643.jpg,ChIJPcnTInrhGGARSgh2-B2Skm8
219,"リンキィディンクスタジオ八王子1st","東京都八王子市三崎町２−７ ヨーロービル",35.6569639,139.3366351,"2019-01-14 06:56:19.438834","2019-01-14 06:56:19.438834",,,1,unnamed.jpg,ChIJq6raTNgdGWARaNZXLIMwfuc
220,"スタジオカンボ","東京都八王子市長房町４４６−６０ ＹＣ八王子長房",35.6540487,139.2996196,"2019-01-14 06:56:20.595744","2019-01-14 06:56:20.595744",,,1,IMG_0824.jpg,ChIJ2Zq9prweGWAR0whmK5WqC9Q
221,"Rinky Dink Studio 八王子2nd","東京都八王子市三崎町２−５ サンアドバンスビル",35.6567772,139.336629,"2019-01-14 06:56:21.240499","2019-01-14 06:56:21.240499",,,1,,ChIJ65z7stkdGWARO0HTtfW4ZCw
222,"相模楽器 スタジオQ-on（キューオン）","神奈川県相模原市南区相模大野４丁目５ ロビーファイブ",35.5322748,139.4318191,"2019-01-14 06:56:21.925650","2019-01-14 06:56:21.925650",,,1,,ChIJsYajUsf-GGARTg3A1YtYhtI
223,"shiny stone music","目２５",35.702113,139.421562,"2019-01-14 06:56:23.023638","2019-01-14 06:56:23.023638",,,1,unnamed.jpg,ChIJO1bZDmbhGGARkw3j1QEp4Qg
224,"サウンドスタジオＢｌｕｅＭｏｏｎ立川","東京都立川市錦町２丁目１−３５ ＫＴＤ錦町ビル",35.6960302,139.4149764,"2019-01-14 06:56:25.069780","2019-01-14 06:56:25.069780",,,1,DSC_0576.jpg,ChIJowoEXXvhGGARFn7UUU5ytE8
225,"スタジオ アデリー","東京都多摩市落合６丁目１１−２３ ＳＴＵＤＩＯＡＤＥＬＩＥ",35.6104762,139.4278871,"2019-01-14 06:56:26.373017","2019-01-14 06:56:26.373017",,,1,2017-09-02.jpg,ChIJrUvy6bj8GGARzZ9rgiXUBT4
226,"ミュージックスクール・スタジオ グルーヴ","神奈川県相模原市南区相模大野３丁目１−７ カルチャービル",35.531747,139.434902,"2019-01-14 06:56:27.064631","2019-01-14 06:56:27.064631",,,1,,ChIJf8WbS8b-GGAR1_Ak4tde6jM
227,"Starlight Recording Studio","区淵野辺４丁目１７−１５",35.5686644,139.3963606,"2019-01-14 06:56:27.806149","2019-01-14 06:56:27.806149",,,1,,ChIJa6zuUa_9GGARGtba4LGWBS0
228,"ミュージックスタジオハロゲート","東京都八王子市越野３４−４４",35.631378,139.393442,"2019-01-14 06:56:28.918493","2019-01-14 06:56:28.918493",,,1,unnamed.jpg,ChIJs1Jj1-jiGGARK5KMpa1kPqU
229,"サウンドスタジオＢｌｕｅＭｏｏｎ","東京都多摩市関戸４丁目２４−７",35.6480188,139.4465499,"2019-01-14 06:56:30.209859","2019-01-14 06:56:30.209859",,,1,P_20161105_144142.jpg,ChIJa7WN9V_jGGARuNvD_NwMfxA
230,"クラウドナインスタジオ 町田店","東京都町田市 原町田 ４丁目 １１ １４ コロンブス ビル 6F",35.542344,139.448583,"2019-01-14 06:56:31.284811","2019-01-14 06:56:31.284811",,,1,DSC_0099.jpg,ChIJkxuiBEv5GGARC7qG5FLsgDI
231,"YOKOTA BASE STUDIO","東京都町田市 原町田1-6-24田島第二ビル",35.539868,139.446925,"2019-01-14 06:56:32.831715","2019-01-14 06:56:32.831715",,,1,unnamed.jpg,ChIJby9isUr5GGARjzffqOUB8wk
232,"スタジオBBC","東京都国立市東１丁目４−１０ タツミビルホワイトパレス",35.6985192,139.4472763,"2019-01-14 06:56:33.815589","2019-01-14 06:56:33.815589",,,1,unnamed.jpg,ChIJH4PaQgfkGGARJD8lHqy2XHk
233,"リッカスタジオ","東京都八王子市大和田町５丁目５−６",35.662332,139.349008,"2019-01-14 06:56:34.506355","2019-01-14 06:56:34.506355",,,1,,ChIJrxoFmeEdGWARIWWxWva0ZUw
234,"有限会社スタジオサポート","神奈川県相模原市中央区宮下本町３丁目１５−５２ （有）スタジオサポート",35.597516,139.365688,"2019-01-14 06:56:35.579529","2019-01-14 06:56:35.579529",,,1,unnamed.jpg,ChIJt-noU1X9GGAR6n6MUyclt3s
235,"島村楽器アリオ橋本店","神奈川県相模原市緑区大山町１−２２ アリオ橋本1F アリオ橋本1F",35.5905427,139.3504593,"2019-01-14 06:56:36.823296","2019-01-14 06:56:36.823296",,,1,unnamed.jpg,ChIJ0dzVabMCGWARUa8MfUdc7QA
236,"スタジオおけいこクラブ","東京都八王子市東町３−９ 鈴木ビル3F",35.658586,139.340865,"2019-01-14 06:56:38.005781","2019-01-14 06:56:38.005781",,,1,unnamed.jpg,ChIJHxOu2N4dGWARzTv2xEdEp-0
237,"（有）スタジオ・リリック","東京都八王子市館町６８９−１ ライオンズマンション高尾",35.633391,139.285976,"2019-01-14 06:56:38.702339","2019-01-14 06:56:38.702339",,,1,,ChIJm4SzOgccGWARTMwFBddE9dQ
238,"株式会社むじゃきなひつじ","東京都八王子市中町７−７",35.6586214,139.3355541,"2019-01-14 06:56:40.872803","2019-01-14 06:56:40.872803",,,1,unnamed.jpg,ChIJGxtkCNgdGWAREpgZwDaNV20
239,"エッキミュージックサロン","神奈川県相模原市中央区相模原２丁目３−１６ 山崎ビル",35.5807634,139.3690072,"2019-01-14 06:56:42.051433","2019-01-14 06:56:42.051433",,,1,2017-12-21.jpg,ChIJhVzkn2D9GGARKwTLiqgPjZM
240,"スガナミ楽器 スガナミミュージックサロン多摩 ヤマハ音楽教室","東京都多摩市落合１丁目４６−１ ココリア多摩センター",35.62241,139.424882,"2019-01-14 06:56:43.340008","2019-01-14 06:56:43.340008",,,1,counter01.jpg,ChIJDdwAOTXjGGAR9oPBw1FEcJE
241,"ミュージック ファロ","東京都八王子市兵衛１丁目４−１３ ベンティチェリ",35.630171,139.330898,"2019-01-14 06:56:44.010816","2019-01-14 06:56:44.010816",,,1,,ChIJC7FB6bEdGWARJsX7MOqYO7g
242,"サウンドスタジオフェスタ","埼玉県所沢市松葉町１７−４ クリエートマスミビル",35.807798,139.457872,"2019-01-14 06:56:47.418376","2019-01-14 06:56:47.418376",,,1,unnamed.jpg,ChIJt8lVPsXdGGAR2Ao0g82zy_g
243,SOUNDCAVE,"東京都青梅市新町６丁目１４−１９ （株）アクセル",35.794479,139.315272,"2019-01-14 06:56:48.870475","2019-01-14 06:56:48.870475",,,1,profile_picture.jpg,ChIJXyRonS0hGWARTWsBsHWPfEI
244,"サウンド・スクエア東村山店","東京都東村山市美住町２丁目９−７ サウンドスクエア東村山店",35.757802,139.465423,"2019-01-14 06:56:49.834576","2019-01-14 06:56:49.834576",,,1,DSC_0122.jpg,ChIJHUVeNz3nGGARC9xFIvejdJA
245,"サウンドスタジオcrossroad","東京都国立市東１丁目８−５ 国立豊武ビル",35.6976581,139.4491239,"2019-01-14 06:56:50.886733","2019-01-14 06:56:50.886733",,,1,CIMG1763.jpg,ChIJ4du1rAfkGGARvbZbSemVmks
246,"サウンド・スクエア所沢駅前店","埼玉県所沢市くすのき台１丁目１０−７",35.7870347,139.4755737,"2019-01-14 06:56:52.639226","2019-01-14 06:56:52.639226",,,1,,ChIJ5wwR5mLnGGAROyVXYM420k4
247,"サウンドスタジオエイト府中","東京都府中市府中町１丁目２５−１２ ゼルコバ",35.6754755,139.4796277,"2019-01-14 06:56:53.629916","2019-01-14 06:56:53.629916",,,1,IMG_5982.jpg,ChIJsdxWLfrkGGAR9jjwy047cmI
248,"サウンドショット 所沢小手指店","埼玉県所沢市小手指町１丁目３８−１２ イーグルビル",35.8049203,139.4400819,"2019-01-14 06:56:55.621088","2019-01-14 06:56:55.621088",,,1,P_20181020_091134_vHDR_Auto.jpg,ChIJ9zcnuXveGGARiemH_nLayI4
249,"クロス ロード国立旭通り店","東京都国立市東１丁目８−５ 国立豊武ビル",35.6977776,139.4490373,"2019-01-14 06:56:56.994258","2019-01-14 06:56:56.994258",,,1,,ChIJGd8TqwfkGGARv9vKisd9Ipc
250,"サウンドスタジオPino","東京都あきる野市二宮 サウンドスタジオＰｉｎｏ",35.728741,139.3116151,"2019-01-14 06:56:59.587059","2019-01-14 06:56:59.587059",,,1,IMG_20160224_130120.jpg,ChIJtxs_qdshGWAR_faUISDL0rw
251,"スタジオ ムジカ","東京都府中市美好町１丁目２０−７",35.6735799,139.4693953,"2019-01-14 06:57:00.290290","2019-01-14 06:57:00.290290",,,1,,ChIJowKN9_TkGGARwDTKVDCMMiI
252,"STUDIO YH","東京都立川市柏町３丁目２８",35.723197,139.414904,"2019-01-14 06:57:02.156751","2019-01-14 06:57:02.156751",,,1,__.jpg,ChIJ29I5XgPhGGAR617ZhBs04BM
253,"ロバの音楽座","東京都立川市幸町６丁目２２−３２ ロバの音楽座",35.730126,139.423061,"2019-01-14 06:57:05.621369","2019-01-14 06:57:05.621369",,,1,KIMG1556.jpg,ChIJ77USOh7hGGARi2Lj19KfvsQ
254,"エイミミュージックカンパニー","東京都昭島市松原町３丁目６−７ アートヒルズ",35.717709,139.347012,"2019-01-14 06:57:09.065211","2019-01-14 06:57:09.065211",,,1,,ChIJ4a0gMMAfGWAR2iqPwhIkhg0
255,Studio7&Cafe7,"東京都西多摩郡瑞穂町箱根ケ崎２１５−９",35.7687864,139.348755,"2019-01-14 06:57:10.131735","2019-01-14 06:57:10.131735",,,1,unnamed.jpg,ChIJMZo7yGYgGWAR2z6cC0JhvG8
256,"ファゼイ・ペダルスチールギター・プロダクツ","東京都立川市砂川町８丁目８０−１３ スタジオファゼイ",35.7328087,139.3949382,"2019-01-14 06:57:11.131110","2019-01-14 06:57:11.131110",,,1,R0018344.jpg,ChIJC9BEpETgGGARSD9lqxtCvcs
257,"スタジオラ・マンチャ","東京都福生市熊川１１１１−９",35.7323932,139.3400165,"2019-01-14 06:57:11.766716","2019-01-14 06:57:11.766716",,,1,,ChIJZ1TtIIofGWARcKQEA-9tVVA
258,"スタジオネイブ","埼玉県所沢市松葉町１７−１５ ニューアーバン第一ビル",35.8074878,139.4575835,"2019-01-14 06:57:13.205546","2019-01-14 06:57:13.205546",,,1,,ChIJAQDUO8XdGGARLg9eRb6F1xI
259,"ファースト・アヴェニュースタジオ","東京都国分寺市本多２丁目１−２０ コンコード国分寺",35.7042263,139.4812872,"2019-01-14 06:57:14.319900","2019-01-14 06:57:14.319900",,,1,IMG_6838.jpg,ChIJe1tZWTHkGGARaKz5f3_u-V4
260,"Studio SHIMIZU","東京都国立市中１丁目８−６ アイ・エスビル",35.6982692,139.4454237,"2019-01-14 06:57:15.502623","2019-01-14 06:57:15.502623",,,1,DSCF1056.jpg,ChIJ5UmSt_jjGGARDyTf72W3ak4
261,"Studio EFU","東京都国分寺市本町２丁目２−１１",35.7008031,139.4821793,"2019-01-14 06:57:16.803451","2019-01-14 06:57:16.803451",,,1,2018-07-22.jpg,ChIJCa3-CTbkGGARj3JA7WT8luI
262,"学園坂スタジオ","東京都小平市学園東町１丁目７ ナカムラビル",35.723884,139.480228,"2019-01-14 06:57:17.976243","2019-01-14 06:57:17.976243",,,1,_______________.jpg,ChIJs5AFUITmGGAR79P8CXD88Ws
263,"国分寺スタジオ花音","東京都国分寺市西町４丁目２−１",35.715353,139.43461,"2019-01-14 06:57:19.244874","2019-01-14 06:57:19.244874",,,1,unnamed.jpg,ChIJ9SaVsUfhGGARCU1ZgZBoh_0
264,"MT ミュージックスクール","埼玉県所沢市南住吉２−１ エムティミュージックスクール",35.782102,139.4717937,"2019-01-14 06:57:21.346871","2019-01-14 06:57:21.346871",,,1,IMGP1851.jpg,ChIJC1R7AdbnGGAR3jK2hvbgtVs
265,"STUDIO清水","東京都国立市中１丁目８−６ アイ・エスビル",35.6982054,139.4454463,"2019-01-14 06:57:22.464490","2019-01-14 06:57:22.464490",,,1,2016-12-01.jpg,ChIJeWUluPjjGGARjvfGHcon_uw
266,Nave,"埼玉県所沢市松葉町１７−１６ 丸宗ビル",35.807534,139.457519,"2019-01-14 06:57:25.013341","2019-01-14 06:57:25.013341",,,1,,ChIJpzkWBWzdGGARYor6ZRMdmWY
267,"カルチャースタジオメヌエット","埼玉県所沢市小手指町１丁目３０−１６ ハイネス小手指",35.804575,139.438019,"2019-01-14 06:57:26.284411","2019-01-14 06:57:26.284411",,,1,IMG_0004.jpg,ChIJR4mtbHveGGARI3KVXbAsweU
268,"有限会社ナビ","東京都立川市高松町３丁目１６−１６",35.702151,139.417169,"2019-01-14 06:57:28.582196","2019-01-14 06:57:28.582196",,,1,unnamed.jpg,ChIJTdBo6m_hGGARM10AtXPQxFE
269,"府中の森芸術劇場分館","東京都府中市宮町１丁目 武蔵府中ル・シーニュ",35.6718668,139.4797326,"2019-01-14 06:57:29.237943","2019-01-14 06:57:29.237943",,,1,,ChIJIVIPRy7lGGARV9jlXTJ4Wkk
270,"STUDIO M (MSM Drum School)","東京都小平市小川西町４丁目３２−１１ ＭＳＭドラムスクール",35.738809,139.463074,"2019-01-14 06:57:30.429925","2019-01-14 06:57:30.429925",,,1,unnamed.jpg,ChIJl765uNzmGGARW6Fx6SFr7pE
271,"マジェスティックスタジオ","東京都渋谷区 笹塚3-9-10 TWIZA B1F",35.6774812,139.6692109,"2019-01-14 06:57:42.251560","2019-01-14 06:57:42.251560",,,1,P1060216.jpg,ChIJLx918hjzGGARKwM-qOiMMFI
272,"ガードアイランドスタジオ下北沢ＷＥＳＴ","東京都世田谷区北沢２丁目２３−１０ ウエストフロント",35.661498,139.666093,"2019-01-14 06:57:47.785110","2019-01-14 06:57:47.785110",,,1,unnamed.jpg,ChIJ_2D5hGvzGGARL8vAPBuCnyM
273,"スタジオミュージアム 新宿南口店","東京都渋谷区代々木２丁目１９−５ スタジオミュージアム新宿南口店",35.6862714,139.6967337,"2019-01-14 06:57:51.938895","2019-01-14 06:57:51.938895",,,1,,ChIJxYR-8NGMGGARLnvNRYt48PU
274,"スタジオフライト","東京都府中市緑町１丁目１３−８ ホワイトハウス府中",35.6719982,139.484988,"2019-01-14 06:57:54.706551","2019-01-14 06:57:54.706551",,,1,2017-08-30.jpg,ChIJ47IX4-LkGGARD5g1dHcxYGk
275,"スタジオＵＥＮ","東京都杉並区西荻北３丁目３１−１４",35.705659,139.600782,"2019-01-14 06:58:02.895535","2019-01-14 06:58:02.895535",,,1,DSC_5813.jpg,ChIJI_hSag7uGGARfY2uWkfJHoI
276,"サウンドスタジオノア中野店","東京都中野区中野４丁目１４−１",35.706212,139.6625967,"2019-01-14 06:58:07.364886","2019-01-14 06:58:07.364886",,,1,unnamed.jpg,ChIJOWhirZHyGGARlCbBerPLQFg
277,"調布サン・ミュージックスタジオ","東京都調布市小島町２丁目１７−３ サンミュージックスタジオ",35.652686,139.539727,"2019-01-14 06:58:11.849180","2019-01-14 06:58:11.849180",,,1,image.jpg,ChIJ4SmPXBLwGGARs_DDGW7RClE
278,"J.K.キューブ101スタジオエチュード","東京都調布市菊野台１丁目２０ Ｊ．Ｋ．キューブ",35.6557965,139.5673827,"2019-01-14 06:58:18.541173","2019-01-14 06:58:18.541173",,,1,,ChIJ-3MYvkzwGGARtc5BkwgVuQ8
279,"G-ROKS下高井戸スタジオ","東京都杉並区下高井戸１丁目１５−１２ 下高井戸プロジェクト",35.6675691,139.6370976,"2019-01-14 06:58:20.023386","2019-01-14 06:58:20.023386",,,1,P_20170711_144812_vHDR_On.jpg,ChIJlckWt7PzGGAR459LfPk0MjU
280,"JaMStudio レコーディングスタジオ","東京都調布市布田５丁目２５−１ アブニール調布",35.6475428,139.5455906,"2019-01-14 06:58:21.148998","2019-01-14 06:58:21.148998",,,1,2017-08-31.jpg,ChIJ2wXtfmnwGGARZOIoa1w3DEk
281,"EVE Studio","東京都世田谷区船橋１丁目２９−３",35.647455,139.6216387,"2019-01-14 06:58:23.173168","2019-01-14 06:58:23.173168",,,1,unnamed.jpg,ChIJZXqr8sLzGGAR27QGNdyK21Y
282,"スタジオノード溝の口","神奈川県川崎市高津区溝口１丁目１３−１３",35.5999844,139.6144229,"2019-01-14 06:58:32.082007","2019-01-14 06:58:32.082007",,,1,M-Lobby2016B.jpg,ChIJzZsFgSb0GGARZAV0RXgNBQ8
283,"APPLES MUSIC STUDIO","東京都世田谷区中町１丁目９−２５ ＡＢデザインオフィス",35.6060845,139.6448394,"2019-01-14 06:59:09.569852","2019-01-14 06:59:09.569852",,,1,apple08.jpg,ChIJWS6t3v70GGAR0agZgSuwZ88
284,"M.studio 永山店","東京都多摩市馬引沢１丁目１６−１０ コーシンパートⅢ",35.635129,139.449973,"2019-01-14 06:59:18.404455","2019-01-14 06:59:18.404455",,,1,2017-08-31.jpg,ChIJd_l8uavkGGARE_KBndseEPU
285,"タンジェリンスタジオ","東京都武蔵野市西久保１丁目３−１０",35.7050743,139.559439,"2019-01-14 06:59:36.993914","2019-01-14 06:59:36.993914",,,1,DSC_0205.jpg,ChIJI8aVk6_vGGARZzJs-rzoG6Y
286,studio34,"東京都小金井市本町５丁目１４−１４",35.703088,139.5072529,"2019-01-14 06:59:38.791904","2019-01-14 06:59:38.791904",,,1,unnamed.jpg,ChIJUcYleb3lGGARjDtvpzNVbDU
287,"スタジオ ニド","東京都調布市布田４丁目３−８ Ｇ―ＣＬＥＦ",35.6508083,139.5446707,"2019-01-14 06:59:42.359830","2019-01-14 06:59:42.359830",,,1,IMG_6755.jpg,ChIJ-512FWvwGGARoLtGa2BzeqE
288,"スタジオウェイクフィールド","神奈川県川崎市多摩区登戸１８１８",35.6202752,139.5627104,"2019-01-14 06:59:45.849889","2019-01-14 06:59:45.849889",,,1,__________2016-04-26_9.41.54.jpg,ChIJEUmpzN3wGGARZ8g1IFs47v8
289,"STUDIO CRUSOE(レコーディングスタジオ)","東京都調布市国領町５丁目４−１７ パレス調布１９９０Ａ館 4-2 1990 B 棟 地下 1 階",35.6480063,139.5509334,"2019-01-14 06:59:50.409854","2019-01-14 06:59:50.409854",,,1,,ChIJq6rWrEPwGGARU-c9TDBATWE
290,"スタジオ３４","東京都小金井市本町５丁目１４−１４",35.7031331,139.5073616,"2019-01-14 06:59:51.533883","2019-01-14 06:59:51.533883",,,1,CIMG0065.jpg,ChIJu3oCeb3lGGARj_dGjY_YfjQ
291,"スタジオファンハウス","東京都調布市上石原１丁目４８−１５ ノーブルヒルズ",35.656922,139.531769,"2019-01-14 06:59:53.775043","2019-01-14 06:59:53.775043",,,1,2017-08-08.jpg,ChIJ6eHMPwbwGGARVus0EMI0Gcw
292,"サンシャインスタジオ","東京都三鷹市新川６丁目８−１０ サンシャインビル 3F",35.6785488,139.5683265,"2019-01-14 06:59:54.446239","2019-01-14 06:59:54.446239",,,1,,ChIJ6zmhySrwGGAR90l6UfzTs9Q
293,"オオタサウンドスタジオ","神奈川県川崎市多摩区登戸１７３１ 第3太田ビル 1F",35.619173,139.560744,"2019-01-14 06:59:55.184172","2019-01-14 06:59:55.184172",,,1,,ChIJrbgJ_NzwGGAR1SJSrBMUw3o
294,"三鷹RIスタジオ","東京都三鷹市下連雀３丁目２２ 榎本ビル",35.7001753,139.5621454,"2019-01-14 06:59:56.326011","2019-01-14 06:59:56.326011",,,1,2016-12-31.jpg,ChIJ75gmy7bvGGARdfRHg_wQO9o
295,"スタジオパステル","東京都府中市新町１丁目４３−６ メゾンパステル",35.6883028,139.4881839,"2019-01-14 06:59:57.686946","2019-01-14 06:59:57.686946",,,1,IMG_6466.jpg,ChIJ4fL8W6vlGGARCLxCyRW2gc0
296,"sound studio Hill's Style（ヒルズスタイル）","神奈川県川崎市多摩区南生田６丁目１ ＨｉｌｌｓＳｔｙｌｅ",35.604884,139.541009,"2019-01-14 06:59:59.905794","2019-01-14 06:59:59.905794",,,1,12651337_766433656820695_8099801126621781168_n.jpg,ChIJlVGvfrrwGGARz4Ev1tcd30c
297,"K・ミュージックプラン","東京都武蔵野市境南町２丁目１０−６ 第５秋本ビルメゾン・ドゥ・ソレイユ",35.7006023,139.5464432,"2019-01-14 07:00:01.898499","2019-01-14 07:00:01.898499",,,1,unnamed.jpg,ChIJMUN8V5jvGGARYpE4gNT87S8
298,"ミュージックサロン サングレース","東京都府中市若松町１丁目７−６ サングレース東府中",35.669543,139.498276,"2019-01-14 07:00:03.111427","2019-01-14 07:00:03.111427",,,1,2017-09-03.jpg,ChIJoR3UWz3lGGARpb6tuXnMSLI
299,"ギタースタジオhacchi／蜂谷信夫ギター教室","東京都三鷹市下連雀６丁目２ アトラス吉祥寺",35.687862,139.568522,"2019-01-14 07:00:04.456826","2019-01-14 07:00:04.456826",,,1,unnamed.jpg,ChIJ27NpytLvGGARVvtCzcoZduk
300,"LESSON STUDIO 遊音館","神奈川県川崎市多摩区南生田４丁目１２ 武信ビル",35.60063,139.537396,"2019-01-14 07:00:07.463873","2019-01-14 07:00:07.463873",,,1,st1.jpg,ChIJu7HNM67wGGARBZuQQYvziQg
301,"DUO(デュオ)","東京都国分寺市本町２丁目１０−２ 機万ビル",35.701153,139.4812655,"2019-01-14 07:00:08.581380","2019-01-14 07:00:08.581380",,,1,,ChIJw5zWbjbkGGAR1uMmaymVCo0
302,"アカデミーアポロ","東京都府中市栄町１丁目１０−２０ スタジオアカデミーアポロ",35.68903,139.48346,"2019-01-14 07:00:10.229400","2019-01-14 07:00:10.229400",,,1,,ChIJL2tWtVPkGGAR-cdkL-35ofo
303,"（有）秋元商事","東京都府中市新町１丁目４３−６ メゾンパステル",35.688394,139.488199,"2019-01-14 07:00:10.944713","2019-01-14 07:00:10.944713",,,1,,ChIJP_JZWavlGGARcfBcRTbiqMo
304,"カンマザールin立川","東京都立川市 曙町２丁目２５−１",35.700035,139.418212,"2019-01-14 07:00:45.753873","2019-01-14 07:00:45.753873",,,1,,ChIJZRebDmXhGGARtiXnxFAnGG8
305,"あさおか音楽教室 東浅川教室","東京都八王子市東浅川町５２７−１１−２０１",35.6445663,139.2949527,"2019-01-14 07:00:49.065147","2019-01-14 07:00:49.065147",,,1,unnamed.jpg,ChIJ_UUQIMMfGWARZNhn58cQdyA
306,"MichiBand 音楽制作・音楽教室","東京都八王子市みなみ野２丁目３",35.62983,139.32909,"2019-01-14 07:00:50.888285","2019-01-14 07:00:50.888285",,,1,unnamed.jpg,ChIJuxdcPbIdGWAR2-zkByrClaM
307,"スタジオローズ","神奈川県横浜市青葉区青葉台２丁目１１−１２ 青葉台コーポ",35.54741,139.516804,"2019-01-14 07:00:56.237097","2019-01-14 07:00:56.237097",,,1,,ChIJ4Z_IkzL4GGAR5U7sSaMIWmw
308,"スタジオアール","東京都杉並区高円寺北２丁目２１−１ リリーベル高円寺スクエア",35.706856,139.6501566,"2019-01-14 07:01:28.147300","2019-01-14 07:01:28.147300",,,1,,ChIJDw9N833yGGARIDB94JQyARk
309,"Rinky Dink Studio西荻","東京都杉並区西荻南３丁目１７ ＢＡＰＯＳ",35.703723,139.6026352,"2019-01-14 07:01:29.421565","2019-01-14 07:01:29.421565",,,1,DSC_0451.jpg,ChIJEXUtbA_uGGAR8UaWV8DEUkk
310,"Tonmeister Studio","東京都世田谷区砧８丁目２４−５ （株）トーンマイスター",35.6403167,139.6047212,"2019-01-14 07:01:31.953113","2019-01-14 07:01:31.953113",,,1,,ChIJOfv8s2DxGGAR_1ezmkFu4Mg
311,"イーラ用賀スタジオ","東京都世田谷区用賀２丁目４１−１１",35.62543,139.633947,"2019-01-14 07:01:32.637585","2019-01-14 07:01:32.637585",,,1,,ChIJ9e3IOXL0GGARcLoGatokIUk
312,"アミューズスタジオ","東京都世田谷区中町５丁目１６−３ ミチコズボーカルセラピー",35.619723,139.643438,"2019-01-14 07:01:39.150928","2019-01-14 07:01:39.150928",,,1,2017-03-15.jpg,ChIJh5xTEmf0GGAR0Dbif7M6s9c
313,"パワーハウススタジオ","東京都杉並区永福３丁目４３−２１",35.676962,139.638491,"2019-01-14 07:01:39.876003","2019-01-14 07:01:39.876003",,,1,,ChIJdwB7aU7yGGARMCxedynOV2s
314,"ミュージックスタジオアジャ","神奈川県大和市鶴間１丁目２−１８ 加藤ビル",35.489623,139.451933,"2019-01-14 07:01:41.848117","2019-01-14 07:01:41.848117",,,1,IMAG0573.jpg,ChIJi8VfXqn4GGARg_5gQUi4ZTQ
315,"スタジオあぢと","神奈川県横浜市緑区鴨居３丁目２２−３１",35.505219,139.568073,"2019-01-14 07:01:47.494226","2019-01-14 07:01:47.494226",,,1,2017-03-27.jpg,ChIJp8p691dYGGAR2OzDKpYjGj8
316,"sound studio U-Be","神奈川県横浜市青葉区あざみ野南２丁目１−２１ ベオラプレイス",35.563012,139.55297,"2019-01-14 07:01:53.340518","2019-01-14 07:01:53.340518",,,1,IMG_1685.jpg,ChIJ00LUr6D3GGARN5jF5et3G4U
317,"アイランドスタジオ33","神奈川県横浜市青葉区新石川１丁目３３",35.56737,139.559414,"2019-01-14 07:01:55.771214","2019-01-14 07:01:55.771214",,,1,2017-08-19.jpg,ChIJU54Cwgf3GGAR5736_QkmYZM
318,"Beat Nuts Studio","神奈川県横浜市旭区中希望が丘１０４−４ 藤平ビル",35.4577523,139.5153752,"2019-01-14 07:01:56.437341","2019-01-14 07:01:56.437341",,,1,,ChIJTeWdSmhXGGARIRAU4EsxUCw
319,"音楽サロン Aria","神奈川県横浜市都筑区茅ケ崎中央８−３８ ライオンズステーションプラザセンター南",35.5441182,139.5751904,"2019-01-14 07:01:59.215515","2019-01-14 07:01:59.215515",,,1,IMG_20180130_104837.jpg,ChIJOYQ0Pi72GGAR3NsZkzedId4
320,"STUDIO21 たまプラーザ","神奈川県横浜市青葉区美しが丘２丁目１９−１９ センチュリー２１アイワハウス（株）たまプラーザ店",35.5814051,139.5593692,"2019-01-14 07:02:01.305894","2019-01-14 07:02:01.305894",,,1,2016-10-02.jpg,ChIJVVVhxBn3GGARZjg4Ixl5vEA
321,"ダッチママスタジオ Dutch Mama Studio","東京都町田市小川２丁目９−３７ ダッチママスタジオ",35.527896,139.472789,"2019-01-14 07:02:03.075666","2019-01-14 07:02:03.075666",,,1,2018-06-21.jpg,ChIJbWj9wuP4GGARnU4E9ZJ5PRc
322,"音楽館セレレム","神奈川県横浜市緑区長津田５丁目６−１７",35.5303983,139.4980666,"2019-01-14 07:02:06.232571","2019-01-14 07:02:06.232571",,,1,2017-01-14.jpg,ChIJHQKFL0X4GGAR3FcnZeF2pts
323,"スタジオリヴラン","神奈川県横浜市都筑区池辺町４６９３−１",35.5156181,139.5711307,"2019-01-14 07:02:07.772035","2019-01-14 07:02:07.772035",,,1,unnamed.jpg,ChIJwbNMKvVYGGARxJ2cWUnqJbY
324,"ＳｔｕｄｉｏＷａｋｅｆｉｅｌｄ","神奈川県川崎市多摩区登戸１８１８ リッチハイツ",35.620264,139.562774,"2019-01-14 07:02:09.123407","2019-01-14 07:02:09.123407",,,1,,ChIJPzdTM9zwGGARzhyOIGRdwU4
325,"百合ヶ丘撮影スタジオ 旬（ときめき）亭","神奈川県川崎市麻生区百合丘１丁目５−１９ ワイ．ディ．エム百合ケ丘",35.6100081,139.5188205,"2019-01-14 07:02:11.086695","2019-01-14 07:02:11.086695",,,1,_DSC02058.jpg,ChIJzfMa8nH6GGARsa3FsT_3Hrw
326,"K FITNESS & DANCE THEATRE","神奈川県大和市中央林間３丁目３−２ 山内ビル",35.5079023,139.4438582,"2019-01-14 07:02:11.748560","2019-01-14 07:02:11.748560",,,1,,ChIJi1APqzP_GGARBL_SJZkQCXo
327,"スタジオSOPIC ～生ピアノ320円・鏡張りダンススタジオ 町田市JR成瀬駅前 レンタルスタジオ～","東京都町田市南成瀬１丁目２−１",35.536027,139.473759,"2019-01-14 07:02:12.885542","2019-01-14 07:02:12.885542",,,1,sopic-img.jpg,ChIJ92f_dhz5GGARMvud_ltGIac
328,"アルマ・オン・ミュージック","神奈川県相模原市南区相模大野５丁目２７−１８",35.5320109,139.4336195,"2019-01-14 07:02:13.551116","2019-01-14 07:02:13.551116",,,1,,ChIJk-y6CMf-GGAR1z2Iq9UyIRA
329,"MichiBand 音楽制作・音楽教室","神奈川県相模原市南区上鶴間本町３丁目６−６ 三徳ビル２センチュリーハイツ三徳",35.538468,139.444972,"2019-01-14 07:02:14.622259","2019-01-14 07:02:14.622259",,,1,unnamed.jpg,ChIJTTXFY7X-GGAR08o5_hT3_Xs
330,"椿スタジオ","東京都町田市金井町２６１２−１０５",35.5708698,139.4587699,"2019-01-14 07:02:15.284743","2019-01-14 07:02:15.284743",,,1,,ChIJJcCUeuX7GGARe4jmuq_7YbM
331,"ダンススタジオモリモト","東京都町田市原町田６丁目２３−５ ヱリーゼＭＧビル",35.544106,139.449212,"2019-01-14 07:02:15.925500","2019-01-14 07:02:15.925500",,,1,,ChIJc1aSgkv5GGAR6e2Fr3w1Wt8
332,"StudioサロンRose2","神奈川県相模原市南区上鶴間本町９丁目３６−２７ （有）丸勇グループサービス",35.5231183,139.4545123,"2019-01-14 07:02:16.619273","2019-01-14 07:02:16.619273",,,1,,ChIJgY78Jdb4GGARZy3Tw55hm8M
333,"ベンチャーズサロン パパロック","東京都町田市原町田４丁目１ 第３丸町ビル",35.5411111,139.4477452,"2019-01-14 07:02:19.962849","2019-01-14 07:02:19.962849",,,1,,ChIJQTrSwkr5GGARmEkVt-FtUvY
334,"スタジオアクト町田店","東京都町田市原町田６丁目２９ サウンドスタジオアクト",35.5461414,139.4477117,"2019-01-14 07:02:21.130208","2019-01-14 07:02:21.130208",,,1,DSC_0128.jpg,ChIJc-lNJ035GGARthZcz_gSffI
335,"イエロースタジオ","神奈川県横浜市都筑区高山１８−２５ （株）イエロースタジオ",35.533688,139.561073,"2019-01-14 07:02:21.832841","2019-01-14 07:02:21.832841",,,1,,ChIJJYGHINf3GGARKx7aJiuz_3U
336,"弦楽器カンタービレ","神奈川県横浜市青葉区市ケ尾町１１５３−２ ライオンズプラザ市ケ尾",35.5508398,139.5398825,"2019-01-14 07:02:22.966998","2019-01-14 07:02:22.966998",,,1,2017-08-31.jpg,ChIJqeRqlbvKJhURdxSeIrXDjw0
337,"有隣堂二俣川ミュージックセンター","神奈川県横浜市旭区二俣川２丁目 アルジャンテ森",35.460049,139.53309,"2019-01-14 07:02:24.035419","2019-01-14 07:02:24.035419",,,1,_IMGP0301.jpg,ChIJNwystOZZGGARi9KYe4R_CcI
338,"スタジオ・コンチェルティーノ","東京都町田市東玉川学園１丁目６−２０ ＳｔｕｄｉｏＣｏｎｃｅｒｔｉｎｏ",35.5585241,139.4708164,"2019-01-14 07:02:24.656434","2019-01-14 07:02:24.656434",,,1,,ChIJY8T-0qz5GGARtkAMFLpCtXY
339,"スタジオ トーンマイスター","東京都世田谷区砧８丁目２４−５ （株）トーンマイスター",35.6403084,139.6046851,"2019-01-14 07:02:49.142825","2019-01-14 07:02:49.142825",,,1,unnamed.jpg,ChIJycj6s2DxGGARQXlNgeFQLDg
340,"スタジオsus4","東京都東久留米市東本町７−１１ Ｋ・Ｓラポール",35.7625234,139.5323789,"2019-01-14 07:02:58.605565","2019-01-14 07:02:58.605565",,,1,unnamed.jpg,ChIJ98zvEpzoGGARVaMeZSQbGMs
341,"トラスロッド・スタジオ","東京都練馬区石神井町３丁目１８−５ 石神井Ｓ．Ｋコーポ",35.742273,139.6051972,"2019-01-14 07:03:01.097838","2019-01-14 07:03:01.097838",,,1,sign.jpg,ChIJ9UXSj5zuGGAR8y_rE4EWoME
342,"吉祥寺スタジオ・レダ","東京都武蔵野市吉祥寺東町１丁目１１−１８ Ｍビル",35.705781,139.58337,"2019-01-14 07:03:03.744429","2019-01-14 07:03:03.744429",,,1,cr1.jpg,ChIJy-F7OkfuGGAR3JmOIR39OKQ
343,"Studio Akseli (スタジオアクセリ)","東京都杉並区西荻北３丁目１３−５ Ｍ＆Ｉビル",35.7045755,139.5972746,"2019-01-14 07:03:07.681148","2019-01-14 07:03:07.681148",,,1,IMG_20160725_194011.jpg,ChIJyfnzmhHuGGARzre80D3J328
344,"エアガレージ","東京都武蔵野市吉祥寺南町３丁目３２−６ 井の頭パークビューマンションB1",35.698326,139.589703,"2019-01-14 07:03:09.713516","2019-01-14 07:03:09.713516",,,1,2018-12-18.jpg,ChIJUWN25RfuGGARC3e83a9wnbQ
345,"スタジオペンタ吉祥寺MUSASHI スタジオ武蔵","東京都武蔵野市吉祥寺本町１丁目１３−２ 白樺ビル",35.704721,139.580718,"2019-01-14 07:03:12.899970","2019-01-14 07:03:12.899970",,,1,2016-05-24.jpg,ChIJaSMDu0fuGGAR7rzaeu5w_zU
346,"サウンドスタジオ キッカ 吉祥寺","東京都武蔵野市吉祥寺南町２丁目１０−１４ ベル吉祥寺",35.7025475,139.5823649,"2019-01-14 07:03:14.192208","2019-01-14 07:03:14.192208",,,1,studio_a.jpg,ChIJ7XWL7DjuGGARuolZikWONjk
347,"スタジオΦ","東京都世田谷区給田２丁目５−１７ 桃井ガーデン",35.665011,139.595789,"2019-01-14 07:03:15.366410","2019-01-14 07:03:15.366410",,,1,Studio_.jpg,ChIJG-TR6JDxGGARUdml-4foTU4
348,R/Lstudio,"東京都西東京市東町２丁目１−２２ ウィナーズパレス",35.7450724,139.5609536,"2019-01-14 07:03:39.866311","2019-01-14 07:03:39.866311",,,1,unnamed.jpg,ChIJ0-IefS7vGGAR-AHiCjRu-BM
349,"ウォークオン ミュージックスクール 音楽教室 ボイトレ ギター ウクレレ ベース","東京都練馬区石神井町３丁目１８−５ 石神井Ｓ．Ｋコーポ",35.7422601,139.6051893,"2019-01-14 07:03:56.664157","2019-01-14 07:03:56.664157",,,1,soto.jpg,ChIJsz7Qj5zuGGAR6U-UoPjmIvY
350,"ピアノスタジオノア 吉祥寺店","東京都武蔵野市吉祥寺本町２丁目５−１０ Ｇフォーラム吉祥寺",35.7069358,139.5789206,"2019-01-14 07:03:58.082878","2019-01-14 07:03:58.082878",,,1,unnamed.jpg,ChIJowifqkjuGGARHnhgglmBQww
351,"（有）クロックワイズ BS&T STUDIO","東京都世田谷区北烏山８丁目３−１６ （有）セプト・ワン",35.676322,139.591498,"2019-01-14 07:04:01.940661","2019-01-14 07:04:01.940661",,,1,rhst8.jpg,ChIJ25rLnunxGGARj3LypOrwZ4Q
352,"スタジオ・ラウム３３８","東京都練馬区関町南３丁目３−８ ラウムFK 1F",35.722492,139.5845,"2019-01-14 07:04:02.617131","2019-01-14 07:04:02.617131",,,1,,ChIJLcgsUF_uGGARSF2C9s2Wcyc
353,"BEA POT STUDIO","東京都多摩市桜ケ丘２丁目３７−５ ＢＥＡＰＯＴスタジオ",35.6364679,139.441309,"2019-01-14 07:04:40.580968","2019-01-14 07:04:40.580968",,,1,,ChIJodV3ylDjGGAR5ipzYORZ-pM
354,"アベルⅡ","埼玉県朝霞市東弁財１丁目３−９ ＥＡＳＴＡＬＬＥＹ",35.813897,139.586319,"2019-01-14 07:05:11.936175","2019-01-14 07:05:11.936175",,,1,DSC_0198.jpg,ChIJWeThC7_pGGARaztuJMKhxcI
355,"スタジオ壱之助 吉祥寺本店","東京都武蔵野市吉祥寺南町２丁目１３−１１ スタジオ壱之助",35.700836,139.583602,"2019-01-14 07:05:20.376773","2019-01-14 07:05:20.376773",,,1,unnamed.jpg,ChIJP0bESTnuGGARLcPcHx-9fsE
356,"マインズミュージックスタジオ","埼玉県入間市下藤沢６８４−６ マインズミュージックスタジオ",35.8234899,139.4082617,"2019-01-14 07:05:21.099143","2019-01-14 07:05:21.099143",,,1,,ChIJX-mNU9jeGGARK4niwhu8Svk
357,"吉祥寺音楽スタジオ本家","東京都武蔵野市吉祥寺東町３丁目１ 第２勝又ビル",35.704004,139.5867889,"2019-01-14 07:05:23.007832","2019-01-14 07:05:23.007832",,,1,,ChIJ03VnoT_uGGARSZlufgkBHpk
358,"音楽スタジオ│琉球 才鼓舞","埼玉県所沢市下富９７９−３",35.838908,139.458166,"2019-01-14 07:05:24.118906","2019-01-14 07:05:24.118906",,,1,unnamed.jpg,ChIJwRuFChfcGGARtx_jKoPc4R8
359,"スタジオ分家","東京都武蔵野市吉祥寺本町１丁目３０−１６",35.704125,139.582462,"2019-01-14 07:05:24.811476","2019-01-14 07:05:24.811476",,,1,,ChIJsW1QYUfuGGARTXqX5jafdu0
360,"スタジオペンタ吉祥寺ノースサイド","東京都武蔵野市吉祥寺本町１丁目２５−３ 丸ビル",35.7037891,139.5820538,"2019-01-14 07:05:29.567225","2019-01-14 07:05:29.567225",,,1,unnamed.jpg,ChIJ7RE8fUfuGGARV8HJGPTKW2Y
361,"江戸前レコーディングス","東京都武蔵野市吉祥寺本町３丁目１３−２２ （有）アゲインスト",35.7035665,139.5702659,"2019-01-14 07:05:31.840741","2019-01-14 07:05:31.840741",,,1,2018-11-21.jpg,ChIJAfsWnkzuGGARNiE_H_5RiQI
362,"マイクロサウンド","東京都国分寺市西恋ヶ窪２丁目６−１０",35.699941,139.464597,"2019-01-14 07:06:54.975539","2019-01-14 07:06:54.975539",,,1,,ChIJATbPqxfkGGAR4g0KpmxMKhY
363,"一橋大学管弦楽団 部室","東京都国立市中２丁目１７−７８",35.6932533,139.4441132,"2019-01-14 07:06:59.446829","2019-01-14 07:06:59.446829",,,1,2017-11-20.jpg,ChIJgZiJgvfjGGARgvBeCrQaQek
364,"一橋大学 第三集会所","東京都国立市中２丁目１７−７８",35.6929538,139.4441729,"2019-01-14 07:07:00.107682","2019-01-14 07:07:00.107682",,,1,,ChIJDWC6nffjGGAReACAoGu-60U
365,"スタジオレトー","２６１−１",35.7220731,139.2526563,"2019-01-14 07:07:13.387284","2019-01-14 07:07:13.387284",,,1,unnamed.jpg,ChIJcY6CQFsiGWAR7QfB8L8NzrA
366,"Sound Base KiTi","埼玉県所沢市小手指町１丁目２６ 井花屋ビル",35.8037935,139.438876,"2019-01-14 07:07:19.342524","2019-01-14 07:07:19.342524",,,1,unnamed.jpg,ChIJIakRqT3fGGARBZ3uWytZsyM
367,"Aquariumy Studio Inc.","東京都八王子市元横山町２丁目１４−２ （株）Ａｑｕａｒｉｕｍｙｓｔｕｄｉｏ",35.6607287,139.3367304,"2019-01-14 07:07:21.846359","2019-01-14 07:07:21.846359",,,1,420x420.jpg,ChIJR-tyunceGWARrTkBlqJsBfk
368,"貸しスタジオ LUNA LLENA","日吉本町４丁目１１",35.547906,139.635628,"2019-01-14 07:08:02.827909","2019-01-14 07:08:02.827909",,,1,lunallena_7.jpg,ChIJ3bF8z25fGGARYDJei-qZea4
369,"スタジオ・オーパーツ","神奈川県横浜市都筑区仲町台１丁目３１−６ 横浜ガレリア B1F",35.537355,139.588612,"2019-01-14 07:08:06.107341","2019-01-14 07:08:06.107341",,,1,,ChIJwTP8Wp9YGGAR6nEPv-ZXWzs
370,"小平アーツスタジオ","東京都小平市仲町５０２ アーツハイム",35.7301913,139.4856275,"2019-01-14 07:08:37.394498","2019-01-14 07:08:37.394498",,,1,,ChIJ46vrQ4jmGGARKf39sD-5ruA
371,"三井文化スタジオ","東京都小平市小川西町４丁目１４−２５ 極真会館城西国分寺支部",35.7361372,139.4626348,"2019-01-14 07:08:38.040768","2019-01-14 07:08:38.040768",,,1,,ChIJYbTNb8PmGGARlLXHFuxhJg8
372,"Studio M","東京都小平市小川西町４丁目３２−１１",35.7387836,139.4630812,"2019-01-14 07:08:40.479517","2019-01-14 07:08:40.479517",,,1,,ChIJOQ7O1J7nGGARfaR5KPG82HQ
373,"スタジオ・リバージュ","埼玉県富士見市水谷東２丁目５７−６ （有）スタジオリバージュ",35.838694,139.57657,"2019-01-14 07:09:05.920881","2019-01-14 07:09:05.920881",,,1,,ChIJI1FW1HrCGGARKVFqn7PzpOk
374,"アート貸しスタジオ","埼玉県富士見市鶴瀬西２丁目５−１０ 村上ビル",35.846152,139.536715,"2019-01-14 07:09:08.934178","2019-01-14 07:09:08.934178",,,1,2017-09-02.jpg,ChIJWUB9N9fCGGARni7i11bm-ms
375,"beanz studio","丁目１４−２７",35.743505,139.571555,"2019-01-14 07:09:26.092008","2019-01-14 07:09:26.092008",,,1,IMAG6471.jpg,ChIJjffurdnuGGARDchaypO2V4A
376,"吉祥寺の音楽教室＆スタジオ Studio Cecilia","東京都武蔵野市御殿山１丁目８−２",35.7024862,139.5746656,"2019-01-14 07:09:30.181926","2019-01-14 07:09:30.181926",,,1,room04.jpg,ChIJm9hlmknuGGARYBu2C9IJTu0
377,"有限会社オアシス","神奈川県川崎市宮前区神木本町２丁目７−３３",35.600248,139.588326,"2019-01-14 07:12:06.381899","2019-01-14 07:12:06.381899",,,1,,ChIJvdueusD2GGAREeZErXKLxUI
378,"スタジオ１６１９","東京都練馬区桜台１丁目２７−２７ ホワイトプレイス",35.740201,139.667464,"2019-01-14 07:13:15.783124","2019-01-14 07:13:15.783124",,,1,,ChIJIQFq9xTtGGAR95StpjtiBHs
379,FigaroMusicOffice,"東京都板橋区徳丸１丁目２９−１０ ＦＩＧＡＲＯＭＵＳＩＣ―ＯＦＦＩＣＥ",35.770964,139.663349,"2019-01-14 07:13:20.836348","2019-01-14 07:13:20.836348",,,1,2017-09-21.jpg,ChIJv7Qo_-zsGGARiYO62szzRXM
380,"トラフィックスタジオ","東京都中野区野方６丁目１３ ハニー野方ビル",35.7224255,139.6527321,"2019-01-14 07:13:22.059248","2019-01-14 07:13:22.059248",,,1,DSC_0757.jpg,ChIJTbOVMnjtGGAR46lBW-hkhf8
381,"サウンドスタジオドム","４丁目２５−７",35.7047318,139.6492421,"2019-01-14 07:13:23.264027","2019-01-14 07:13:23.264027",,,1,RIMG0068.jpg,ChIJu9xwbH3yGGARfQJKRG2Ilt0
382,"STUDIO IMPACT","東京都中野区鷺宮６丁目３１−１８ エムジーホール",35.727198,139.626177,"2019-01-14 07:13:23.949323","2019-01-14 07:13:23.949323",,,1,,ChIJnb8jwMbtGGARBA4Kp8xzut0
383,"スタジオ・コヤーマ","東京都杉並区高円寺北２丁目１８−７ 千恵ビル",35.7071884,139.6512897,"2019-01-14 07:13:27.257218","2019-01-14 07:13:27.257218",,,1,____01.jpg,ChIJk8UYbIfyGGARVfcKxGWjQ60
384,"スタジオゾット","東京都杉並区阿佐谷北３丁目４１−１３",35.712,139.631396,"2019-01-14 07:13:29.887962","2019-01-14 07:13:29.887962",,,1,20180226_221409.jpg,ChIJKR-n4YztGGAR8crfoSmMBNg
385,"スタジオ クレフ","東京都練馬区練馬１丁目８−４ コンフォート練馬B1階",35.7380963,139.6507491,"2019-01-14 07:13:30.593172","2019-01-14 07:13:30.593172",,,1,,ChIJlaSzLAjtGGAR6pjUOFPzoR8
386,"VAMOS studio (バモス スタジオ)","東京都杉並区上高井戸３丁目２ ルリテラス髙井戸",35.6744878,139.6196094,"2019-01-14 07:13:32.120652","2019-01-14 07:13:32.120652",,,1,,ChIJCR4_MyXyGGARf2yQUh5aZaY
